2.503831386566162109e-01,8.500000000000000000e+01,1.005706999999999990e-01,1.000000000000000000e+00,0.000000000000000000e+00
5.002932548522949219e-01,8.486404806480848606e+01,1.058813270001496831e-01,1.000000000000000000e+00,0.000000000000000000e+00
7.502455711364746094e-01,8.484337465798773792e+01,1.049186736431488021e-01,1.000000000000000000e+00,0.000000000000000000e+00
1.000165700912475586e+00,8.478113139232219453e+01,1.074496502809840492e-01,1.000000000000000000e+00,0.000000000000000000e+00
1.250110387802124023e+00,8.477548822828032371e+01,1.088580125805485577e-01,1.000000000000000000e+00,0.000000000000000000e+00
1.500217199325561523e+00,8.472555068460405892e+01,1.133302307793679492e-01,1.000000000000000000e+00,0.000000000000000000e+00
1.750247478485107422e+00,8.463934797013263278e+01,1.110173202439136003e-01,1.000000000000000000e+00,0.000000000000000000e+00
2.000227928161621094e+00,8.456877115679607471e+01,1.117789736960315555e-01,1.000000000000000000e+00,0.000000000000000000e+00
2.250216960906982422e+00,8.460162237272420782e+01,1.104110844730091662e-01,1.000000000000000000e+00,0.000000000000000000e+00
2.500210046768188477e+00,8.462851867348057056e+01,1.165932568269258396e-01,1.000000000000000000e+00,0.000000000000000000e+00
2.750272750854492188e+00,8.460522219032333169e+01,1.209909653447527877e-01,1.000000000000000000e+00,0.000000000000000000e+00
3.000185489654541016e+00,8.467678326658494825e+01,1.252553306605238281e-01,1.000000000000000000e+00,0.000000000000000000e+00
3.250214576721191406e+00,8.464473789698267581e+01,1.294105237960578025e-01,1.000000000000000000e+00,0.000000000000000000e+00
3.500181913375854492e+00,8.466381867912606651e+01,1.281657073101014344e-01,1.000000000000000000e+00,0.000000000000000000e+00
3.750158309936523438e+00,8.477007532572064008e+01,1.337848169895664296e-01,1.000000000000000000e+00,0.000000000000000000e+00
4.000199079513549805e+00,8.490238822173705557e+01,1.344023982341438217e-01,1.000000000000000000e+00,0.000000000000000000e+00
4.250168800354003906e+00,8.501071685873449724e+01,1.442016146466719162e-01,1.000000000000000000e+00,0.000000000000000000e+00
4.500215530395507812e+00,8.514472615701383518e+01,1.535521866979814298e-01,1.000000000000000000e+00,0.000000000000000000e+00
4.750145673751831055e+00,8.525444369071352924e+01,1.631992840496440667e-01,1.000000000000000000e+00,0.000000000000000000e+00
5.000196695327758789e+00,8.538959012143584459e+01,1.757444420934592688e-01,1.000000000000000000e+00,0.000000000000000000e+00
5.250178813934326172e+00,8.559087328389793470e+01,1.787134434585453402e-01,1.000000000000000000e+00,0.000000000000000000e+00
5.500209093093872070e+00,8.575566999908244270e+01,1.897740137279871064e-01,1.000000000000000000e+00,0.000000000000000000e+00
5.750252485275268555e+00,8.589059413781023977e+01,1.935190338809341104e-01,1.000000000000000000e+00,0.000000000000000000e+00
6.000222682952880859e+00,8.609169530298024142e+01,2.065426068152701466e-01,1.000000000000000000e+00,0.000000000000000000e+00
6.250165939331054688e+00,8.630166032311525726e+01,2.178692326007182489e-01,1.000000000000000000e+00,0.000000000000000000e+00
6.500226974487304688e+00,8.651888245390092891e+01,2.264788633507175408e-01,1.000000000000000000e+00,0.000000000000000000e+00
6.750209093093872070e+00,8.683268082781579267e+01,2.368469633641534233e-01,1.000000000000000000e+00,0.000000000000000000e+00
7.000208377838134766e+00,8.718023183026677714e+01,2.473271421505257028e-01,1.000000000000000000e+00,0.000000000000000000e+00
7.250159502029418945e+00,8.741946521250596902e+01,2.532522642571469751e-01,1.000000000000000000e+00,0.000000000000000000e+00
7.500129461288452148e+00,8.788723681009108191e+01,2.667331196144199779e-01,1.000000000000000000e+00,0.000000000000000000e+00
7.750270366668701172e+00,8.827021580245042287e+01,2.771064843640623221e-01,1.000000000000000000e+00,0.000000000000000000e+00
8.000187635421752930e+00,8.871972441646934726e+01,2.875909554249489464e-01,1.000000000000000000e+00,0.000000000000000000e+00
8.250211000442504883e+00,8.908775094254011151e+01,3.028131935307089018e-01,1.000000000000000000e+00,0.000000000000000000e+00
8.500217676162719727e+00,8.947970020084370901e+01,3.152761079985700876e-01,1.000000000000000000e+00,0.000000000000000000e+00
8.750094890594482422e+00,8.993655304745448120e+01,3.261851979861620787e-01,1.000000000000000000e+00,0.000000000000000000e+00
9.000255823135375977e+00,9.040122714606695808e+01,3.357806315562519295e-01,1.000000000000000000e+00,0.000000000000000000e+00
9.250271558761596680e+00,9.096293936768179833e+01,3.436367081092013276e-01,1.000000000000000000e+00,0.000000000000000000e+00
9.500219345092773438e+00,9.137751312616711630e+01,3.494048934724827138e-01,1.000000000000000000e+00,0.000000000000000000e+00
9.750155210494995117e+00,9.185288934684967899e+01,3.640848939830770292e-01,1.000000000000000000e+00,0.000000000000000000e+00
1.000009727478027344e+01,9.228741178973498904e+01,3.780953401837604533e-01,1.000000000000000000e+00,0.000000000000000000e+00
1.025015449523925781e+01,9.282443792354978029e+01,3.935490981344479944e-01,1.000000000000000000e+00,0.000000000000000000e+00
1.050015234947204590e+01,9.344538698143253441e+01,4.048739128009929966e-01,0.000000000000000000e+00,0.000000000000000000e+00
1.075012421607971191e+01,9.390845975948543867e+01,4.161373651688612951e-01,0.000000000000000000e+00,0.000000000000000000e+00
1.100012421607971191e+01,9.442354361898212289e+01,4.333250314450262652e-01,0.000000000000000000e+00,0.000000000000000000e+00
1.125021052360534668e+01,9.489057592689667331e+01,4.500524068355763463e-01,0.000000000000000000e+00,0.000000000000000000e+00
1.150033712387084961e+01,9.549953619871980948e+01,4.664029460496366686e-01,0.000000000000000000e+00,0.000000000000000000e+00
1.175018978118896484e+01,9.613406263585565625e+01,4.824449397702078590e-01,0.000000000000000000e+00,0.000000000000000000e+00
1.200020980834960938e+01,9.669888625531027060e+01,4.982343359334605593e-01,0.000000000000000000e+00,0.000000000000000000e+00
1.225021386146545410e+01,9.725195934608359494e+01,5.085062775813098401e-01,0.000000000000000000e+00,0.000000000000000000e+00
1.250016260147094727e+01,9.779541191766061559e+01,5.228906852115293713e-01,0.000000000000000000e+00,0.000000000000000000e+00
1.275017547607421875e+01,9.842162249777204863e+01,5.366591204306589979e-01,0.000000000000000000e+00,0.000000000000000000e+00
1.300022435188293457e+01,9.907027229280359393e+01,5.499232582207065345e-01,0.000000000000000000e+00,0.000000000000000000e+00
1.325021409988403320e+01,9.960134182797365554e+01,5.587915192880981152e-01,0.000000000000000000e+00,0.000000000000000000e+00
1.350011968612670898e+01,1.001720967236317250e+02,5.687075599138330384e-01,0.000000000000000000e+00,0.000000000000000000e+00
1.375015568733215332e+01,1.007300259326378153e+02,5.754984751045866265e-01,0.000000000000000000e+00,0.000000000000000000e+00
1.400014829635620117e+01,1.012774543575525712e+02,5.876966673043322320e-01,0.000000000000000000e+00,0.000000000000000000e+00
1.425021624565124512e+01,1.018616027793308376e+02,5.950283979536074019e-01,0.000000000000000000e+00,0.000000000000000000e+00
1.450018167495727539e+01,1.023851803683331951e+02,6.050140860912968099e-01,0.000000000000000000e+00,0.000000000000000000e+00
1.475023031234741211e+01,1.029498013772633556e+02,6.171726327151878522e-01,0.000000000000000000e+00,0.000000000000000000e+00
1.500008797645568848e+01,1.035480258962999187e+02,6.251357304214405497e-01,0.000000000000000000e+00,0.000000000000000000e+00
1.525014996528625488e+01,1.040378107072804141e+02,6.323191895124674611e-01,0.000000000000000000e+00,0.000000000000000000e+00
1.550024604797363281e+01,1.045747645296121675e+02,6.322260552744660700e-01,0.000000000000000000e+00,0.000000000000000000e+00
1.575019311904907227e+01,1.049690678252074321e+02,6.440987096282553281e-01,0.000000000000000000e+00,0.000000000000000000e+00
1.600026202201843262e+01,1.053372133710817877e+02,6.524915646500616395e-01,0.000000000000000000e+00,0.000000000000000000e+00
1.625023746490478516e+01,1.057745773862893088e+02,6.567077305990022262e-01,0.000000000000000000e+00,0.000000000000000000e+00
1.650022673606872559e+01,1.062232953792903771e+02,6.648064362124767035e-01,0.000000000000000000e+00,0.000000000000000000e+00
1.675020861625671387e+01,1.066359919113502883e+02,6.701094433400472949e-01,0.000000000000000000e+00,0.000000000000000000e+00
1.700017404556274414e+01,1.070191965655668724e+02,6.764426566866404977e-01,0.000000000000000000e+00,0.000000000000000000e+00
1.725010108947753906e+01,1.073782553124271146e+02,6.803002010009939760e-01,0.000000000000000000e+00,0.000000000000000000e+00
1.750024867057800293e+01,1.076722277506432306e+02,6.861137955991287729e-01,0.000000000000000000e+00,0.000000000000000000e+00
1.775031232833862305e+01,1.079582293380985902e+02,6.855629554093247702e-01,0.000000000000000000e+00,0.000000000000000000e+00
1.800015354156494141e+01,1.082377049449079180e+02,6.877672700425134789e-01,0.000000000000000000e+00,0.000000000000000000e+00
1.825009799003601074e+01,1.084212029072073449e+02,6.928911407679303469e-01,0.000000000000000000e+00,0.000000000000000000e+00
1.850020241737365723e+01,1.085261210203385218e+02,6.984138816508560499e-01,0.000000000000000000e+00,0.000000000000000000e+00
1.875039458274841309e+01,1.087026553295749380e+02,7.002801968894512008e-01,0.000000000000000000e+00,0.000000000000000000e+00
1.900020933151245117e+01,1.089378240209811963e+02,7.011443804610740793e-01,0.000000000000000000e+00,0.000000000000000000e+00
1.925017881393432617e+01,1.090397292373355782e+02,7.051710628001567338e-01,0.000000000000000000e+00,0.000000000000000000e+00
1.950020885467529297e+01,1.090778448601334674e+02,7.044848566821962921e-01,0.000000000000000000e+00,0.000000000000000000e+00
1.975017499923706055e+01,1.091090512926908218e+02,7.052506908487780057e-01,0.000000000000000000e+00,0.000000000000000000e+00
2.000021219253540039e+01,1.091799182704498890e+02,7.018947461777976793e-01,0.000000000000000000e+00,0.000000000000000000e+00
2.025015330314636230e+01,1.091473046210579270e+02,7.057854102884937308e-01,0.000000000000000000e+00,0.000000000000000000e+00
2.050025510787963867e+01,1.092112374467916283e+02,7.083069724097396103e-01,0.000000000000000000e+00,0.000000000000000000e+00
2.075013589859008789e+01,1.093088985290814890e+02,7.097076267550470607e-01,0.000000000000000000e+00,0.000000000000000000e+00
2.100019383430480957e+01,1.093435393488005758e+02,7.108543855419826585e-01,0.000000000000000000e+00,0.000000000000000000e+00
2.125017738342285156e+01,1.092812662297554169e+02,7.131209425724400752e-01,0.000000000000000000e+00,0.000000000000000000e+00
2.150015544891357422e+01,1.092755986238335595e+02,7.109936677350372491e-01,0.000000000000000000e+00,0.000000000000000000e+00
2.175019836425781250e+01,1.092256410688384989e+02,7.119073068420191941e-01,0.000000000000000000e+00,0.000000000000000000e+00
2.200019216537475586e+01,1.091847392822154603e+02,7.166383060579634146e-01,0.000000000000000000e+00,0.000000000000000000e+00
2.225020551681518555e+01,1.091512517316513424e+02,7.171925719361543772e-01,0.000000000000000000e+00,0.000000000000000000e+00
2.250022673606872559e+01,1.091238344441592432e+02,7.149910620193986599e-01,0.000000000000000000e+00,0.000000000000000000e+00
2.275015497207641602e+01,1.090560697559929935e+02,7.131886181473445774e-01,0.000000000000000000e+00,0.000000000000000000e+00
2.300046110153198242e+01,1.090005887218185450e+02,7.163597028095933794e-01,0.000000000000000000e+00,0.000000000000000000e+00
2.325018811225891113e+01,1.089098473811968404e+02,7.149729925613470538e-01,0.000000000000000000e+00,0.000000000000000000e+00
2.350015544891357422e+01,1.088355546550543238e+02,7.105185196897337851e-01,0.000000000000000000e+00,0.000000000000000000e+00
2.375012040138244629e+01,1.087294116037009388e+02,7.148374371977544994e-01,0.000000000000000000e+00,0.000000000000000000e+00
2.400048041343688965e+01,1.085065570881408803e+02,7.157181452180408909e-01,0.000000000000000000e+00,0.000000000000000000e+00
2.425018692016601562e+01,1.083240992427895577e+02,7.177668783039626854e-01,0.000000000000000000e+00,0.000000000000000000e+00
2.450018763542175293e+01,1.081747153936600796e+02,7.128059598677992659e-01,0.000000000000000000e+00,0.000000000000000000e+00
2.475015807151794434e+01,1.080070929306341156e+02,7.140549122538257798e-01,0.000000000000000000e+00,0.000000000000000000e+00
2.500015735626220703e+01,1.078245379535175914e+02,7.137498157630896012e-01,0.000000000000000000e+00,0.000000000000000000e+00
2.525026607513427734e+01,1.076750745796248339e+02,7.121723716651614522e-01,0.000000000000000000e+00,0.000000000000000000e+00
2.550022745132446289e+01,1.075527043189600533e+02,7.095532174526200109e-01,0.000000000000000000e+00,0.000000000000000000e+00
2.575021648406982422e+01,1.074071987115611080e+02,7.107279658975242942e-01,0.000000000000000000e+00,0.000000000000000000e+00
2.600014853477478027e+01,1.072880687960383028e+02,7.070429858124260836e-01,0.000000000000000000e+00,0.000000000000000000e+00
2.625019788742065430e+01,1.071452161588576928e+02,7.053536315105823906e-01,0.000000000000000000e+00,0.000000000000000000e+00
2.650020670890808105e+01,1.069829409999091467e+02,7.026428529725121663e-01,0.000000000000000000e+00,0.000000000000000000e+00
2.675018310546875000e+01,1.068500813368173397e+02,7.024149335460697641e-01,0.000000000000000000e+00,0.000000000000000000e+00
2.700018310546875000e+01,1.066053531096089984e+02,6.982453541205739800e-01,0.000000000000000000e+00,0.000000000000000000e+00
2.725026082992553711e+01,1.063143519603862615e+02,6.968230876719033740e-01,0.000000000000000000e+00,0.000000000000000000e+00
2.750022339820861816e+01,1.062120523055280756e+02,6.996415910462245868e-01,0.000000000000000000e+00,0.000000000000000000e+00
2.775015401840209961e+01,1.060829791203359207e+02,7.019491864364354461e-01,0.000000000000000000e+00,0.000000000000000000e+00
2.800015282630920410e+01,1.058413509990298564e+02,7.018470074206025755e-01,0.000000000000000000e+00,0.000000000000000000e+00
2.825009226799011230e+01,1.056888399370386225e+02,6.991080458814086240e-01,0.000000000000000000e+00,0.000000000000000000e+00
2.850024104118347168e+01,1.055639744404018217e+02,6.988570521652319734e-01,0.000000000000000000e+00,0.000000000000000000e+00
2.875027799606323242e+01,1.053257912831154073e+02,6.940047549999723842e-01,0.000000000000000000e+00,0.000000000000000000e+00
2.900021457672119141e+01,1.052214180308408231e+02,6.920235265420852100e-01,0.000000000000000000e+00,0.000000000000000000e+00
2.925025606155395508e+01,1.050906471276743304e+02,6.897375896386619409e-01,0.000000000000000000e+00,0.000000000000000000e+00
2.950015497207641602e+01,1.049382636559136444e+02,6.891936931414643919e-01,0.000000000000000000e+00,0.000000000000000000e+00
2.975019931793212891e+01,1.048135026213223853e+02,6.841015874617207837e-01,0.000000000000000000e+00,0.000000000000000000e+00
3.000019884109497070e+01,1.046660396137861966e+02,6.832516544895572697e-01,0.000000000000000000e+00,0.000000000000000000e+00
3.025015735626220703e+01,1.045453071145749391e+02,6.792366576814263812e-01,0.000000000000000000e+00,0.000000000000000000e+00
3.050019240379333496e+01,1.044011423928442071e+02,6.739579779936403225e-01,0.000000000000000000e+00,0.000000000000000000e+00
3.075015401840209961e+01,1.042377929899238325e+02,6.742829433616736035e-01,0.000000000000000000e+00,0.000000000000000000e+00
3.100021553039550781e+01,1.041040538102559907e+02,6.712298719564021576e-01,0.000000000000000000e+00,0.000000000000000000e+00
3.125025081634521484e+01,1.038586054957790026e+02,6.727131851604821744e-01,0.000000000000000000e+00,0.000000000000000000e+00
3.150026559829711914e+01,1.037029667241560276e+02,6.686170104238842171e-01,0.000000000000000000e+00,0.000000000000000000e+00
3.175024652481079102e+01,1.035755404754570179e+02,6.672548245245096821e-01,0.000000000000000000e+00,0.000000000000000000e+00
3.200021743774414062e+01,1.034258953751672721e+02,6.668033871464356110e-01,0.000000000000000000e+00,0.000000000000000000e+00
3.225019717216491699e+01,1.032580590177821307e+02,6.651061292636113453e-01,0.000000000000000000e+00,0.000000000000000000e+00
3.250018501281738281e+01,1.031206462305063241e+02,6.650441842573452389e-01,0.000000000000000000e+00,0.000000000000000000e+00
3.275015020370483398e+01,1.030534594674279560e+02,6.616743374299499658e-01,0.000000000000000000e+00,0.000000000000000000e+00
3.300021648406982422e+01,1.028624996631044155e+02,6.622344707449647760e-01,0.000000000000000000e+00,0.000000000000000000e+00
3.325015354156494141e+01,1.027514723104334848e+02,6.593739385700253530e-01,0.000000000000000000e+00,0.000000000000000000e+00
3.350012278556823730e+01,1.026152534906384517e+02,6.576957590173865276e-01,0.000000000000000000e+00,0.000000000000000000e+00
3.375017404556274414e+01,1.024584096419937822e+02,6.569856079176075170e-01,0.000000000000000000e+00,0.000000000000000000e+00
3.400031495094299316e+01,1.022393621362162577e+02,6.564041853728863618e-01,0.000000000000000000e+00,0.000000000000000000e+00
3.425021934509277344e+01,1.020600212068511752e+02,6.552643307458372313e-01,0.000000000000000000e+00,0.000000000000000000e+00
3.450021529197692871e+01,1.019131892726943960e+02,6.523396002542497518e-01,0.000000000000000000e+00,0.000000000000000000e+00
3.475017118453979492e+01,1.018382907643968167e+02,6.506088595654753171e-01,0.000000000000000000e+00,0.000000000000000000e+00
3.500021266937255859e+01,1.017769690522939356e+02,6.518471715015095036e-01,0.000000000000000000e+00,0.000000000000000000e+00
3.525009512901306152e+01,1.016814457690334024e+02,6.475503885652946767e-01,0.000000000000000000e+00,0.000000000000000000e+00
3.550029373168945312e+01,1.016485552311235381e+02,6.446963063452678666e-01,0.000000000000000000e+00,0.000000000000000000e+00
3.575009202957153320e+01,1.015309921127904431e+02,6.463425562417624004e-01,0.000000000000000000e+00,0.000000000000000000e+00
3.600015139579772949e+01,1.014347395723833927e+02,6.456988952048897668e-01,0.000000000000000000e+00,0.000000000000000000e+00
3.625015473365783691e+01,1.012653000340292380e+02,6.438442579011378619e-01,0.000000000000000000e+00,0.000000000000000000e+00
3.650024938583374023e+01,1.011718919849218707e+02,6.463087840865939793e-01,0.000000000000000000e+00,0.000000000000000000e+00
3.675036096572875977e+01,1.010500986308021396e+02,6.469989152480866146e-01,0.000000000000000000e+00,0.000000000000000000e+00
3.700020408630371094e+01,1.009050653545333063e+02,6.415894937443552548e-01,0.000000000000000000e+00,0.000000000000000000e+00
3.725020623207092285e+01,1.008769567744933511e+02,6.351691556754297530e-01,0.000000000000000000e+00,0.000000000000000000e+00
3.750018572807312012e+01,1.007179914803977852e+02,6.345594102173148787e-01,0.000000000000000000e+00,0.000000000000000000e+00
3.775017952919006348e+01,1.005878417054496481e+02,6.287495658590570580e-01,0.000000000000000000e+00,0.000000000000000000e+00
3.800014781951904297e+01,1.005266013939239400e+02,6.273120162850449599e-01,0.000000000000000000e+00,0.000000000000000000e+00
3.825019907951354980e+01,1.004764620675497753e+02,6.241435719122677694e-01,0.000000000000000000e+00,0.000000000000000000e+00
3.850012326240539551e+01,1.003447768356476075e+02,6.195579726104741836e-01,0.000000000000000000e+00,0.000000000000000000e+00
3.875015521049499512e+01,1.002369620865630964e+02,6.244333771136427735e-01,0.000000000000000000e+00,0.000000000000000000e+00
3.900030517578125000e+01,1.000127389006607075e+02,6.224505676047790148e-01,0.000000000000000000e+00,0.000000000000000000e+00
3.925021195411682129e+01,9.996511241800081393e+01,6.228186588098362231e-01,0.000000000000000000e+00,0.000000000000000000e+00
3.950015735626220703e+01,9.988080184025572805e+01,6.231200263993540434e-01,0.000000000000000000e+00,0.000000000000000000e+00
3.975020670890808105e+01,9.981177417744605407e+01,6.213752869854138883e-01,0.000000000000000000e+00,0.000000000000000000e+00
4.000021815299987793e+01,9.975525910709068000e+01,6.232659457168794326e-01,0.000000000000000000e+00,0.000000000000000000e+00
4.025025820732116699e+01,9.975430579270886255e+01,6.181756069454497071e-01,0.000000000000000000e+00,0.000000000000000000e+00
4.050016093254089355e+01,9.961757334971561306e+01,6.206462692681510296e-01,0.000000000000000000e+00,0.000000000000000000e+00
4.075015735626220703e+01,9.955094360542406662e+01,6.206775981647582041e-01,0.000000000000000000e+00,0.000000000000000000e+00
4.100011539459228516e+01,9.945107447297233705e+01,6.167202733140271231e-01,0.000000000000000000e+00,0.000000000000000000e+00
4.125025463104248047e+01,9.941462585468138968e+01,6.134802897588138570e-01,0.000000000000000000e+00,0.000000000000000000e+00
4.150020623207092285e+01,9.929414962651839005e+01,6.141467642553841699e-01,0.000000000000000000e+00,0.000000000000000000e+00
4.175016927719116211e+01,9.924082934523700317e+01,6.120371048583312934e-01,0.000000000000000000e+00,0.000000000000000000e+00
4.200021958351135254e+01,9.910653976772815099e+01,6.089822096131377593e-01,0.000000000000000000e+00,0.000000000000000000e+00
4.225022935867309570e+01,9.895127544907330730e+01,6.058172468193130378e-01,0.000000000000000000e+00,0.000000000000000000e+00
4.250012516975402832e+01,9.896010771172639409e+01,6.098642736661170627e-01,0.000000000000000000e+00,0.000000000000000000e+00
4.275025796890258789e+01,9.896733895677974147e+01,6.065394197856718295e-01,0.000000000000000000e+00,0.000000000000000000e+00
4.300014638900756836e+01,9.892794208775745801e+01,6.071364083369509279e-01,0.000000000000000000e+00,0.000000000000000000e+00
4.325009560585021973e+01,9.885036934778341333e+01,6.082890073322717583e-01,0.000000000000000000e+00,0.000000000000000000e+00
4.350020480155944824e+01,9.869622353650514412e+01,6.039220485755580903e-01,0.000000000000000000e+00,0.000000000000000000e+00
4.375018572807312012e+01,9.852470230862297740e+01,5.976913807074009100e-01,0.000000000000000000e+00,0.000000000000000000e+00
4.400026202201843262e+01,9.852022453974166183e+01,5.959092718572913672e-01,0.000000000000000000e+00,0.000000000000000000e+00
4.425012636184692383e+01,9.851655845265335643e+01,5.971055089729867538e-01,0.000000000000000000e+00,0.000000000000000000e+00
4.450020599365234375e+01,9.846823960268018538e+01,5.914466439960486266e-01,0.000000000000000000e+00,0.000000000000000000e+00
4.475015974044799805e+01,9.847399678598429773e+01,5.874773833210665819e-01,0.000000000000000000e+00,0.000000000000000000e+00
4.500027918815612793e+01,9.834275843381496429e+01,5.862191058669350419e-01,0.000000000000000000e+00,0.000000000000000000e+00
4.525016641616821289e+01,9.832594418237165712e+01,5.851889154193329334e-01,0.000000000000000000e+00,0.000000000000000000e+00
4.550024580955505371e+01,9.822154321416402922e+01,5.856731190366601947e-01,0.000000000000000000e+00,0.000000000000000000e+00
4.575016736984252930e+01,9.822670155430233763e+01,5.820865947739988222e-01,0.000000000000000000e+00,0.000000000000000000e+00
4.600015521049499512e+01,9.814029022254740653e+01,5.818055015001101227e-01,0.000000000000000000e+00,0.000000000000000000e+00
4.625024056434631348e+01,9.802422529609469848e+01,5.809115356831410226e-01,0.000000000000000000e+00,0.000000000000000000e+00
4.650017786026000977e+01,9.792919937145413201e+01,5.761966435947445397e-01,0.000000000000000000e+00,0.000000000000000000e+00
4.675021028518676758e+01,9.785139872461122934e+01,5.716725903353770954e-01,0.000000000000000000e+00,0.000000000000000000e+00
4.700014090538024902e+01,9.778770094243158439e+01,5.726154096943668614e-01,0.000000000000000000e+00,0.000000000000000000e+00
4.725019359588623047e+01,9.782618423271927099e+01,5.647575673522536865e-01,0.000000000000000000e+00,0.000000000000000000e+00
4.750012230873107910e+01,9.781237437422691983e+01,5.636347190471523438e-01,0.000000000000000000e+00,0.000000000000000000e+00
4.775015759468078613e+01,9.780106781838358643e+01,5.600601041721119389e-01,0.000000000000000000e+00,0.000000000000000000e+00
4.800039672851562500e+01,9.779181079340324345e+01,5.611164318253496486e-01,0.000000000000000000e+00,0.000000000000000000e+00
4.825022053718566895e+01,9.773891447063931537e+01,5.599897833059981345e-01,0.000000000000000000e+00,0.000000000000000000e+00
4.850019359588623047e+01,9.774092393619827135e+01,5.577397092969890169e-01,0.000000000000000000e+00,0.000000000000000000e+00
4.875017881393432617e+01,9.769725183571812011e+01,5.558975045091116840e-01,0.000000000000000000e+00,0.000000000000000000e+00
4.900016021728515625e+01,9.766149614400350742e+01,5.557168870141153683e-01,0.000000000000000000e+00,0.000000000000000000e+00
4.925019335746765137e+01,9.763222185959918420e+01,5.535775315889585046e-01,0.000000000000000000e+00,0.000000000000000000e+00
4.950018763542175293e+01,9.751761947922199170e+01,5.518259755106184050e-01,0.000000000000000000e+00,0.000000000000000000e+00
4.975018095970153809e+01,9.746910829776176399e+01,5.503919226835407574e-01,0.000000000000000000e+00,0.000000000000000000e+00
5.000022506713867188e+01,9.738407338990162998e+01,5.518731239690862767e-01,0.000000000000000000e+00,0.000000000000000000e+00
5.025014710426330566e+01,9.735977000748188459e+01,5.484390462489892037e-01,0.000000000000000000e+00,0.000000000000000000e+00
5.050022244453430176e+01,9.724923745743001291e+01,5.482827656476982892e-01,0.000000000000000000e+00,0.000000000000000000e+00
5.075013208389282227e+01,9.711342374775590258e+01,5.501462922407712730e-01,0.000000000000000000e+00,0.000000000000000000e+00
5.100019645690917969e+01,9.695691157522560388e+01,5.516720187716988022e-01,0.000000000000000000e+00,0.000000000000000000e+00
5.125024747848510742e+01,9.701003949326602083e+01,5.482743952392842290e-01,0.000000000000000000e+00,0.000000000000000000e+00
5.150012850761413574e+01,9.700821964188222069e+01,5.435011599115309178e-01,0.000000000000000000e+00,0.000000000000000000e+00
5.175013136863708496e+01,9.696141236185775369e+01,5.435761401388644609e-01,0.000000000000000000e+00,0.000000000000000000e+00
5.200025939941406250e+01,9.696840711396430379e+01,5.403183800841648843e-01,0.000000000000000000e+00,0.000000000000000000e+00
5.225018882751464844e+01,9.692881662089358485e+01,5.396426481956173582e-01,0.000000000000000000e+00,0.000000000000000000e+00
5.250019359588623047e+01,9.689640266668706658e+01,5.384255796084749246e-01,0.000000000000000000e+00,0.000000000000000000e+00
5.275018358230590820e+01,9.677922974208831874e+01,5.327823272365797003e-01,0.000000000000000000e+00,0.000000000000000000e+00
5.300017428398132324e+01,9.668329666529123756e+01,5.321449977541723442e-01,0.000000000000000000e+00,0.000000000000000000e+00
5.325025606155395508e+01,9.669538792854108067e+01,5.302955261618511607e-01,0.000000000000000000e+00,0.000000000000000000e+00
5.350015664100646973e+01,9.661465279414628071e+01,5.301089772375047193e-01,0.000000000000000000e+00,0.000000000000000000e+00
5.375022435188293457e+01,9.663918708022437443e+01,5.306200700053417263e-01,0.000000000000000000e+00,0.000000000000000000e+00
5.400012636184692383e+01,9.665927405474133138e+01,5.290470209176615368e-01,0.000000000000000000e+00,0.000000000000000000e+00
5.425034785270690918e+01,9.667571987851465565e+01,5.277591172534765729e-01,0.000000000000000000e+00,0.000000000000000000e+00
5.450023770332336426e+01,9.659854995673657641e+01,5.280323412618374013e-01,0.000000000000000000e+00,0.000000000000000000e+00
5.475021815299987793e+01,9.658068588029473744e+01,5.242730633781181870e-01,0.000000000000000000e+00,0.000000000000000000e+00
5.500025081634521484e+01,9.656606001153647867e+01,5.218590530745045308e-01,0.000000000000000000e+00,0.000000000000000000e+00
5.525025606155395508e+01,9.655408536299360378e+01,5.185549763823826819e-01,0.000000000000000000e+00,0.000000000000000000e+00
5.550020694732666016e+01,9.654428134997425559e+01,5.204966280750109586e-01,0.000000000000000000e+00,0.000000000000000000e+00
5.575021934509277344e+01,9.644561987955071913e+01,5.207586476823006238e-01,0.000000000000000000e+00,0.000000000000000000e+00
5.600010132789611816e+01,9.636484269957107074e+01,5.176540406469325450e-01,0.000000000000000000e+00,0.000000000000000000e+00
5.625023865699768066e+01,9.638934256163584280e+01,5.144483772817012301e-01,0.000000000000000000e+00,0.000000000000000000e+00
5.650026893615722656e+01,9.622813210523241878e+01,5.184620813190268240e-01,0.000000000000000000e+00,0.000000000000000000e+00
5.675017952919006348e+01,9.614146145858769898e+01,5.151099450296826587e-01,0.000000000000000000e+00,0.000000000000000000e+00
5.700014042854309082e+01,9.611581884652100882e+01,5.123654479610878498e-01,0.000000000000000000e+00,0.000000000000000000e+00
5.725024032592773438e+01,9.614014176316328530e+01,5.121099221367563237e-01,0.000000000000000000e+00,0.000000000000000000e+00
5.750022315979003906e+01,9.611473837129234710e+01,5.052624360677145932e-01,0.000000000000000000e+00,0.000000000000000000e+00
5.775020217895507812e+01,9.604862252140462431e+01,5.036391634235604098e-01,0.000000000000000000e+00,0.000000000000000000e+00
5.800023555755615234e+01,9.594917413010514906e+01,5.036377924074674217e-01,0.000000000000000000e+00,0.000000000000000000e+00
5.825021719932556152e+01,9.595838729726514771e+01,5.016451915869697409e-01,0.000000000000000000e+00,0.000000000000000000e+00
5.850029635429382324e+01,9.587529577709128148e+01,5.039967446715386545e-01,0.000000000000000000e+00,0.000000000000000000e+00
5.875016665458679199e+01,9.576194888247442805e+01,5.032667290627581558e-01,0.000000000000000000e+00,0.000000000000000000e+00
5.900009655952453613e+01,9.575978291754672966e+01,4.993498941609322839e-01,0.000000000000000000e+00,0.000000000000000000e+00
5.925015473365783691e+01,9.571269226371981631e+01,5.034451662996872745e-01,0.000000000000000000e+00,0.000000000000000000e+00
5.950026440620422363e+01,9.571945500897969339e+01,5.048066132144500839e-01,0.000000000000000000e+00,0.000000000000000000e+00
5.975020694732666016e+01,9.577030918822968886e+01,5.059212716722495395e-01,0.000000000000000000e+00,0.000000000000000000e+00
6.000021648406982422e+01,9.572131044524317645e+01,5.068338768308283671e-01,0.000000000000000000e+00,0.000000000000000000e+00
6.025020170211791992e+01,9.563587635576746493e+01,5.062534025212682698e-01,0.000000000000000000e+00,0.000000000000000000e+00
6.050032711029052734e+01,9.565656346281349443e+01,5.037866720252003327e-01,0.000000000000000000e+00,0.000000000000000000e+00
6.075018811225891113e+01,9.558286601008327921e+01,5.024309100176673759e-01,0.000000000000000000e+00,0.000000000000000000e+00
6.100018572807312012e+01,9.556784495084005471e+01,4.986655834047081792e-01,0.000000000000000000e+00,0.000000000000000000e+00
6.125019431114196777e+01,9.555554674769382473e+01,5.002295956022920764e-01,0.000000000000000000e+00,0.000000000000000000e+00
6.150023484230041504e+01,9.559079514230090524e+01,4.955356473773402937e-01,0.000000000000000000e+00,0.000000000000000000e+00
6.175025963783264160e+01,9.561965408696234192e+01,4.930202198305227435e-01,0.000000000000000000e+00,0.000000000000000000e+00
6.200009298324584961e+01,9.555264716899702648e+01,4.909607619408036805e-01,0.000000000000000000e+00,0.000000000000000000e+00
6.225020623207092285e+01,9.554310385632035718e+01,4.932575952136650232e-01,0.000000000000000000e+00,0.000000000000000000e+00
6.250021648406982422e+01,9.553529045274572695e+01,4.944742571396962272e-01,0.000000000000000000e+00,0.000000000000000000e+00
6.275015807151794434e+01,9.548357606722245805e+01,4.948065495654839774e-01,0.000000000000000000e+00,0.000000000000000000e+00
6.300012373924255371e+01,9.544123590941802604e+01,4.897679805933415897e-01,0.000000000000000000e+00,0.000000000000000000e+00
6.325032114982604980e+01,9.545188803186388782e+01,4.909533762244938093e-01,0.000000000000000000e+00,0.000000000000000000e+00
6.350027704238891602e+01,9.550592656382636392e+01,4.892685735187451979e-01,0.000000000000000000e+00,0.000000000000000000e+00
6.375023484230041504e+01,9.550485226006472317e+01,4.905444962942170362e-01,0.000000000000000000e+00,0.000000000000000000e+00
6.400011825561523438e+01,9.541333807107591269e+01,4.869423326180518652e-01,0.000000000000000000e+00,0.000000000000000000e+00
6.425018501281738281e+01,9.533841259020778125e+01,4.793463295477584651e-01,0.000000000000000000e+00,0.000000000000000000e+00
6.450019335746765137e+01,9.532238610656239075e+01,4.771102230154778967e-01,0.000000000000000000e+00,0.000000000000000000e+00
6.475022673606872559e+01,9.526394741980770675e+01,4.766071060486474775e-01,0.000000000000000000e+00,0.000000000000000000e+00
6.500021052360534668e+01,9.517078455806165493e+01,4.801781634973515400e-01,0.000000000000000000e+00,0.000000000000000000e+00
6.525009942054748535e+01,9.509450925810540411e+01,4.804465754880765660e-01,0.000000000000000000e+00,0.000000000000000000e+00
6.550009679794311523e+01,9.512269494779198453e+01,4.780110282027655311e-01,0.000000000000000000e+00,0.000000000000000000e+00
6.575024271011352539e+01,9.510045412700459622e+01,4.766807968488588898e-01,0.000000000000000000e+00,0.000000000000000000e+00
6.600025272369384766e+01,9.503692757132176894e+01,4.795746703125504662e-01,0.000000000000000000e+00,0.000000000000000000e+00
6.625016546249389648e+01,9.507555105000811579e+01,4.779609987309476060e-01,0.000000000000000000e+00,0.000000000000000000e+00
6.650016951560974121e+01,9.515249059152998257e+01,4.766398361817213436e-01,0.000000000000000000e+00,0.000000000000000000e+00
6.675021576881408691e+01,9.512484873684064723e+01,4.748943336637017620e-01,0.000000000000000000e+00,0.000000000000000000e+00
6.700022387504577637e+01,9.510221750033437615e+01,4.754567154000834961e-01,0.000000000000000000e+00,0.000000000000000000e+00
6.725020718574523926e+01,9.508368861102651692e+01,4.712703718585567469e-01,0.000000000000000000e+00,0.000000000000000000e+00
6.750016045570373535e+01,9.506851843952979664e+01,4.731534925313843898e-01,0.000000000000000000e+00,0.000000000000000000e+00
6.775012373924255371e+01,9.510141546532645407e+01,4.733676091196790114e-01,0.000000000000000000e+00,0.000000000000000000e+00
6.800015902519226074e+01,9.508303196030048809e+01,4.735429129552599092e-01,0.000000000000000000e+00,0.000000000000000000e+00
6.825010132789611816e+01,9.511329813111686349e+01,4.716949612691231919e-01,0.000000000000000000e+00,0.000000000000000000e+00
6.850019097328186035e+01,9.509276066421163875e+01,4.681905080660213603e-01,0.000000000000000000e+00,0.000000000000000000e+00
6.875028800964355469e+01,9.498531138500499083e+01,4.673127827833786774e-01,0.000000000000000000e+00,0.000000000000000000e+00
6.900022745132446289e+01,9.485202204399195125e+01,4.679218143200312707e-01,0.000000000000000000e+00,0.000000000000000000e+00
6.925015211105346680e+01,9.483352858490809467e+01,4.644374905137643728e-01,0.000000000000000000e+00,0.000000000000000000e+00
6.950018072128295898e+01,9.477307010949483868e+01,4.609209232238140608e-01,0.000000000000000000e+00,0.000000000000000000e+00
6.975021910667419434e+01,9.476888820812030190e+01,4.613609501109540156e-01,0.000000000000000000e+00,0.000000000000000000e+00
7.000026798248291016e+01,9.476546435685861525e+01,4.623850397647897847e-01,0.000000000000000000e+00,0.000000000000000000e+00
7.025027275085449219e+01,9.471734383280620762e+01,4.592405186764506597e-01,0.000000000000000000e+00,0.000000000000000000e+00
7.050014328956604004e+01,9.467794607991027078e+01,4.566660025577251591e-01,0.000000000000000000e+00,0.000000000000000000e+00
7.075014567375183105e+01,9.464568992801220304e+01,4.598687940371792848e-01,0.000000000000000000e+00,0.000000000000000000e+00
7.100013589859008789e+01,9.466459813620781460e+01,4.611633656987982888e-01,0.000000000000000000e+00,0.000000000000000000e+00
7.125026130676269531e+01,9.468007886774316262e+01,4.622232713302290574e-01,0.000000000000000000e+00,0.000000000000000000e+00
7.150022673606872559e+01,9.469275341873128582e+01,4.604357442294294556e-01,0.000000000000000000e+00,0.000000000000000000e+00
7.175018858909606934e+01,9.465781315167622267e+01,4.536616138198948378e-01,0.000000000000000000e+00,0.000000000000000000e+00
7.200018143653869629e+01,9.458388916878698183e+01,4.540898780375508537e-01,0.000000000000000000e+00,0.000000000000000000e+00
7.225022649765014648e+01,9.452336533060554302e+01,4.577596416687543246e-01,0.000000000000000000e+00,0.000000000000000000e+00
7.250021648406982422e+01,9.456444722645309753e+01,4.554535630099980636e-01,0.000000000000000000e+00,0.000000000000000000e+00
7.275015306472778320e+01,9.450744761451723264e+01,4.555570019474415311e-01,0.000000000000000000e+00,0.000000000000000000e+00
7.300014972686767578e+01,9.455141490277281946e+01,4.516587158047488115e-01,0.000000000000000000e+00,0.000000000000000000e+00
7.325014901161193848e+01,9.454209496206661356e+01,4.471394168371222722e-01,0.000000000000000000e+00,0.000000000000000000e+00
7.350012516975402832e+01,9.453446443999358451e+01,4.474223025718163105e-01,0.000000000000000000e+00,0.000000000000000000e+00
7.375023150444030762e+01,9.448289978517985332e+01,4.503092142590298663e-01,0.000000000000000000e+00,0.000000000000000000e+00
7.400019145011901855e+01,9.448599952824250181e+01,4.480260167477753130e-01,0.000000000000000000e+00,0.000000000000000000e+00
7.425021386146545410e+01,9.444322007148403486e+01,4.488120152934972351e-01,0.000000000000000000e+00,0.000000000000000000e+00
7.450012588500976562e+01,9.440819521463591002e+01,4.461363878020641049e-01,0.000000000000000000e+00,0.000000000000000000e+00
7.475016403198242188e+01,9.442483659894269010e+01,4.419542909635875150e-01,0.000000000000000000e+00,0.000000000000000000e+00
7.500021386146545410e+01,9.443846141204844002e+01,4.378664535604234187e-01,0.000000000000000000e+00,0.000000000000000000e+00
7.525018596649169922e+01,9.444961646554305901e+01,4.365110936923298768e-01,0.000000000000000000e+00,0.000000000000000000e+00
7.550023102760314941e+01,9.450406676262184646e+01,4.320822883410683768e-01,0.000000000000000000e+00,0.000000000000000000e+00
7.575017213821411133e+01,9.441269496016296614e+01,4.331030719646660754e-01,0.000000000000000000e+00,0.000000000000000000e+00
7.600020766258239746e+01,9.438320336725621473e+01,4.319473405820845602e-01,0.000000000000000000e+00,0.000000000000000000e+00
7.625020527839660645e+01,9.440437500491670164e+01,4.329925860843271135e-01,0.000000000000000000e+00,0.000000000000000000e+00
7.650019407272338867e+01,9.442170887576236282e+01,4.358398571759135587e-01,0.000000000000000000e+00,0.000000000000000000e+00
7.675014638900756836e+01,9.434526602543259344e+01,4.375071613448674457e-01,0.000000000000000000e+00,0.000000000000000000e+00
7.700012636184692383e+01,9.432799722474517523e+01,4.348892778878064580e-01,0.000000000000000000e+00,0.000000000000000000e+00
7.725008082389831543e+01,9.426854141482310467e+01,4.327459361935365179e-01,0.000000000000000000e+00,0.000000000000000000e+00
7.750016236305236816e+01,9.421986311479075482e+01,4.336464208706959367e-01,0.000000000000000000e+00,0.000000000000000000e+00
7.775014209747314453e+01,9.408937407008569664e+01,4.343836753685618168e-01,0.000000000000000000e+00,0.000000000000000000e+00
7.800027656555175781e+01,9.407317329970690878e+01,4.363149405171159456e-01,0.000000000000000000e+00,0.000000000000000000e+00
7.825016546249389648e+01,9.405990923077423815e+01,4.372323005774317872e-01,0.000000000000000000e+00,0.000000000000000000e+00
7.850028061866760254e+01,9.413968415308912085e+01,4.293536139245425765e-01,0.000000000000000000e+00,0.000000000000000000e+00
7.875022506713867188e+01,9.402372908839070931e+01,4.262222395406474185e-01,0.000000000000000000e+00,0.000000000000000000e+00
7.900021338462829590e+01,9.406474504613848353e+01,4.256499653606112266e-01,0.000000000000000000e+00,0.000000000000000000e+00
7.925022482872009277e+01,9.405300876038303670e+01,4.265090791085293098e-01,0.000000000000000000e+00,0.000000000000000000e+00
7.950017404556274414e+01,9.404339990230813839e+01,4.265486358451888727e-01,0.000000000000000000e+00,0.000000000000000000e+00
7.975021314620971680e+01,9.394489821123924855e+01,4.259171960528303491e-01,0.000000000000000000e+00,0.000000000000000000e+00
8.000021028518676758e+01,9.381893453580045161e+01,4.247363907669561289e-01,0.000000000000000000e+00,0.000000000000000000e+00
8.025014758110046387e+01,9.380643882440898551e+01,4.244334552751669598e-01,0.000000000000000000e+00,0.000000000000000000e+00
8.050013256072998047e+01,9.388684282467221465e+01,4.228577804535341711e-01,0.000000000000000000e+00,0.000000000000000000e+00
8.075016283988952637e+01,9.390735474062771004e+01,4.195762305658286007e-01,0.000000000000000000e+00,0.000000000000000000e+00
8.100022315979003906e+01,9.387883116529451399e+01,4.188810212093885266e-01,0.000000000000000000e+00,0.000000000000000000e+00
8.125020480155944824e+01,9.390079534871199485e+01,4.149926832567532031e-01,0.000000000000000000e+00,0.000000000000000000e+00
8.150022816658020020e+01,9.391877810114213787e+01,4.098177030691109723e-01,0.000000000000000000e+00,0.000000000000000000e+00
8.175009322166442871e+01,9.375223188665965779e+01,4.102275885339156103e-01,0.000000000000000000e+00,0.000000000000000000e+00
8.200015664100646973e+01,9.379714462597615920e+01,4.105631743691908198e-01,0.000000000000000000e+00,0.000000000000000000e+00
8.225024271011352539e+01,9.378859875512902988e+01,4.115017549219811555e-01,0.000000000000000000e+00,0.000000000000000000e+00
8.250027847290039062e+01,9.382691929958517107e+01,4.049680943571825065e-01,0.000000000000000000e+00,0.000000000000000000e+00
8.275013136863708496e+01,9.381297619607559568e+01,4.062570647410648772e-01,0.000000000000000000e+00,0.000000000000000000e+00
8.300016140937805176e+01,9.380156054843895674e+01,4.046570618706188949e-01,0.000000000000000000e+00,0.000000000000000000e+00
8.325025129318237305e+01,9.379221420665253106e+01,4.053385686430311385e-01,0.000000000000000000e+00,0.000000000000000000e+00
8.350020241737365723e+01,9.387519669266423250e+01,4.065603834321137589e-01,0.000000000000000000e+00,0.000000000000000000e+00
8.375012326240539551e+01,9.380718507073736134e+01,4.075607207745011729e-01,0.000000000000000000e+00,0.000000000000000000e+00
8.400025224685668945e+01,9.375150186429911514e+01,4.043967529383226678e-01,0.000000000000000000e+00,0.000000000000000000e+00
8.425017595291137695e+01,9.375122962248863701e+01,4.077807682783964882e-01,0.000000000000000000e+00,0.000000000000000000e+00
8.450029921531677246e+01,9.375100672974612337e+01,4.052407387060529276e-01,0.000000000000000000e+00,0.000000000000000000e+00
8.475014376640319824e+01,9.375082424060317976e+01,4.071441131632911326e-01,0.000000000000000000e+00,0.000000000000000000e+00
8.500015521049499512e+01,9.370535751939925717e+01,4.040556634750586129e-01,0.000000000000000000e+00,0.000000000000000000e+00
8.525016713142395020e+01,9.362281520477748131e+01,4.055100295178119540e-01,0.000000000000000000e+00,0.000000000000000000e+00
8.550016880035400391e+01,9.355523527336639233e+01,4.040454411597092510e-01,0.000000000000000000e+00,0.000000000000000000e+00
8.575027537345886230e+01,9.359054012869023609e+01,4.021825115211775103e-01,0.000000000000000000e+00,0.000000000000000000e+00
8.600016331672668457e+01,9.361944529947683691e+01,3.993296215169848118e-01,0.000000000000000000e+00,0.000000000000000000e+00
8.625020122528076172e+01,9.355247622826179565e+01,4.003130032811691441e-01,0.000000000000000000e+00,0.000000000000000000e+00
8.650024008750915527e+01,9.349764659015296786e+01,4.011181281735228810e-01,0.000000000000000000e+00,0.000000000000000000e+00
8.675021457672119141e+01,9.345275587925313232e+01,4.037688051373455878e-01,0.000000000000000000e+00,0.000000000000000000e+00
8.700013971328735352e+01,9.346131978544241292e+01,4.006283688839529233e-01,0.000000000000000000e+00,0.000000000000000000e+00
8.725024056434631348e+01,9.346833131880605094e+01,4.027039980362159266e-01,0.000000000000000000e+00,0.000000000000000000e+00
8.750012040138244629e+01,9.347407187679709750e+01,4.030757091099278488e-01,0.000000000000000000e+00,0.000000000000000000e+00
8.775023174285888672e+01,9.343345453643368614e+01,4.033800403972355175e-01,0.000000000000000000e+00,0.000000000000000000e+00
8.800016927719116211e+01,9.344551718250042427e+01,4.003100752355124303e-01,0.000000000000000000e+00,0.000000000000000000e+00
8.825012564659118652e+01,9.341007593006825971e+01,3.958051220192723152e-01,0.000000000000000000e+00,0.000000000000000000e+00
8.850022101402282715e+01,9.338105908677444233e+01,3.941082566074183835e-01,0.000000000000000000e+00,0.000000000000000000e+00
8.875018405914306641e+01,9.331198479308204696e+01,3.927189807108992237e-01,0.000000000000000000e+00,0.000000000000000000e+00
8.900022149085998535e+01,9.330074885631945847e+01,3.915815378099090083e-01,0.000000000000000000e+00,0.000000000000000000e+00
8.925021243095397949e+01,9.324623233762176255e+01,3.919779305453043317e-01,0.000000000000000000e+00,0.000000000000000000e+00
8.950024867057800293e+01,9.324691529894373332e+01,3.882780202825300009e-01,0.000000000000000000e+00,0.000000000000000000e+00
8.975025081634521484e+01,9.320215714865067014e+01,3.866179347156945556e-01,0.000000000000000000e+00,0.000000000000000000e+00
9.000017642974853516e+01,9.321082958628537085e+01,3.845949455002323214e-01,0.000000000000000000e+00,0.000000000000000000e+00
9.025009441375732422e+01,9.312729535422003835e+01,3.869216186713070327e-01,0.000000000000000000e+00,0.000000000000000000e+00
9.050022339820861816e+01,9.314953793295441642e+01,3.861712331122148512e-01,0.000000000000000000e+00,0.000000000000000000e+00
9.075031661987304688e+01,9.316774861619200010e+01,3.835238985202407136e-01,0.000000000000000000e+00,0.000000000000000000e+00
9.100021648406982422e+01,9.318265826259317919e+01,3.840532412433372289e-01,0.000000000000000000e+00,0.000000000000000000e+00
9.125016164779663086e+01,9.314954793688882262e+01,3.864781087371137458e-01,0.000000000000000000e+00,0.000000000000000000e+00
9.150019383430480957e+01,9.307712218325974618e+01,3.837751470317154467e-01,0.000000000000000000e+00,0.000000000000000000e+00
9.175020527839660645e+01,9.310845961490977629e+01,3.815621491591136838e-01,0.000000000000000000e+00,0.000000000000000000e+00
9.200015997886657715e+01,9.304348191046312877e+01,3.811194444932451963e-01,0.000000000000000000e+00,0.000000000000000000e+00
9.225015330314636230e+01,9.308091728902925865e+01,3.827484668962269909e-01,0.000000000000000000e+00,0.000000000000000000e+00
9.250028324127197266e+01,9.311156678471446924e+01,3.807215745586151057e-01,0.000000000000000000e+00,0.000000000000000000e+00
9.275015926361083984e+01,9.304602584593726533e+01,3.824227185450201905e-01,0.000000000000000000e+00,0.000000000000000000e+00
9.300031113624572754e+01,9.299236546377476031e+01,3.811601930054911991e-01,0.000000000000000000e+00,0.000000000000000000e+00
9.325025415420532227e+01,9.299374937040690270e+01,3.821180028471917733e-01,0.000000000000000000e+00,0.000000000000000000e+00
9.350015664100646973e+01,9.290424779386502507e+01,3.802053942529598496e-01,0.000000000000000000e+00,0.000000000000000000e+00
9.375023698806762695e+01,9.292160472416222206e+01,3.786394827782609829e-01,0.000000000000000000e+00,0.000000000000000000e+00
9.400026226043701172e+01,9.293581537677557947e+01,3.773574228973273215e-01,0.000000000000000000e+00,0.000000000000000000e+00
9.425019717216491699e+01,9.294745007509143875e+01,3.796683841219055111e-01,0.000000000000000000e+00,0.000000000000000000e+00
9.450025272369384766e+01,9.286634113694441339e+01,3.781998160692523481e-01,0.000000000000000000e+00,0.000000000000000000e+00
9.475016665458679199e+01,9.289056937839494310e+01,3.777027728813309171e-01,0.000000000000000000e+00,0.000000000000000000e+00
9.500027871131896973e+01,9.291040578476349765e+01,3.772958283377717548e-01,0.000000000000000000e+00,0.000000000000000000e+00
9.525022745132446289e+01,9.288132914895747660e+01,3.782903025434687927e-01,0.000000000000000000e+00,0.000000000000000000e+00
9.550025200843811035e+01,9.290284052475755061e+01,3.797683352679688817e-01,0.000000000000000000e+00,0.000000000000000000e+00
9.575024318695068359e+01,9.292045254966608070e+01,3.782816491463397712e-01,0.000000000000000000e+00,0.000000000000000000e+00
9.600015592575073242e+01,9.284423743262166795e+01,3.790974243564675938e-01,0.000000000000000000e+00,0.000000000000000000e+00
9.625022244453430176e+01,9.287247239590897152e+01,3.777323537505180573e-01,0.000000000000000000e+00,0.000000000000000000e+00
9.650016117095947266e+01,9.285027191693382065e+01,3.766147284653044158e-01,0.000000000000000000e+00,0.000000000000000000e+00
9.675012898445129395e+01,9.283209570206379624e+01,3.756996942738825007e-01,0.000000000000000000e+00,0.000000000000000000e+00
9.700047755241394043e+01,9.281721427597516083e+01,3.769834984993273297e-01,0.000000000000000000e+00,0.000000000000000000e+00
9.725020718574523926e+01,9.271439577132572651e+01,3.760016176415506006e-01,0.000000000000000000e+00,0.000000000000000000e+00
9.750020146369934082e+01,9.272084972304475059e+01,3.751977215874302551e-01,0.000000000000000000e+00,0.000000000000000000e+00
9.775014877319335938e+01,9.259018183660448642e+01,3.745395471656438602e-01,0.000000000000000000e+00,0.000000000000000000e+00
9.800015115737915039e+01,9.257383464299715570e+01,3.740006795256379801e-01,0.000000000000000000e+00,0.000000000000000000e+00
9.825013732910156250e+01,9.260576800459480751e+01,3.735594920169266198e-01,0.000000000000000000e+00,0.000000000000000000e+00
9.850020503997802734e+01,9.254127820632295709e+01,3.731982782356707551e-01,0.000000000000000000e+00,0.000000000000000000e+00
9.875023245811462402e+01,9.253379573694850535e+01,3.729025414045210596e-01,0.000000000000000000e+00,0.000000000000000000e+00
9.900020051002502441e+01,9.248235229743217189e+01,3.733657312058145106e-01,0.000000000000000000e+00,0.000000000000000000e+00
9.925020265579223633e+01,9.248555128318655250e+01,3.730396403008719997e-01,0.000000000000000000e+00,0.000000000000000000e+00
9.950021576881408691e+01,9.248817039120231698e+01,3.727726596486965471e-01,0.000000000000000000e+00,0.000000000000000000e+00
9.975023841857910156e+01,9.244499742374993900e+01,3.725540743782836950e-01,0.000000000000000000e+00,0.000000000000000000e+00
1.000001797676086426e+02,9.240965038759505035e+01,3.730804305350003958e-01,0.000000000000000000e+00,0.000000000000000000e+00
1.002502288818359375e+02,9.242602799379540102e+01,3.728060558678026881e-01,0.000000000000000000e+00,0.000000000000000000e+00
1.005001523494720459e+02,9.243943684365342506e+01,3.725814168899024281e-01,0.000000000000000000e+00,0.000000000000000000e+00
1.007501857280731201e+02,9.245041508139559028e+01,3.723974980503554910e-01,0.000000000000000000e+00,0.000000000000000000e+00
1.010002434253692627e+02,9.241408599051919737e+01,3.722469180403479294e-01,0.000000000000000000e+00,0.000000000000000000e+00
1.012502884864807129e+02,9.247497687004833722e+01,3.721236335553559371e-01,0.000000000000000000e+00,0.000000000000000000e+00
1.015001654624938965e+02,9.238887817050930096e+01,3.720226967561156561e-01,0.000000000000000000e+00,0.000000000000000000e+00
1.017501504421234131e+02,9.236370382912716082e+01,3.719400566944603970e-01,0.000000000000000000e+00,0.000000000000000000e+00
1.020001716613769531e+02,9.238841013337963659e+01,3.718723967345469728e-01,0.000000000000000000e+00,0.000000000000000000e+00
1.022501745223999023e+02,9.240863794446603663e+01,3.718170014446138261e-01,0.000000000000000000e+00,0.000000000000000000e+00
1.025002200603485107e+02,9.242519907546993352e+01,3.717716476171698536e-01,0.000000000000000000e+00,0.000000000000000000e+00
1.027502768039703369e+02,9.239344087099806302e+01,3.717345150438716717e-01,0.000000000000000000e+00,0.000000000000000000e+00
1.030002191066741943e+02,9.241275676406490902e+01,3.717041134641715372e-01,0.000000000000000000e+00,0.000000000000000000e+00
1.032502288818359375e+02,9.242857127974190234e+01,3.716792227559289064e-01,0.000000000000000000e+00,0.000000000000000000e+00
1.035000846385955811e+02,9.244151911007169531e+01,3.716588439676247191e-01,0.000000000000000000e+00,0.000000000000000000e+00
1.037500984668731689e+02,9.240680258521781809e+01,3.716421592269296692e-01,0.000000000000000000e+00,0.000000000000000000e+00
1.040002112388610840e+02,9.242369641041047146e+01,3.716284989166155350e-01,0.000000000000000000e+00,0.000000000000000000e+00
1.042502882480621338e+02,9.230157596944130205e+01,3.716173148004646709e-01,0.000000000000000000e+00,0.000000000000000000e+00
1.045001928806304932e+02,9.233754414403190935e+01,3.702805058023197482e-01,0.000000000000000000e+00,0.000000000000000000e+00
1.047502059936523438e+02,9.232167508297081326e+01,3.705136713828534045e-01,0.000000000000000000e+00,0.000000000000000000e+00
1.050002026557922363e+02,9.230868259465761128e+01,3.707045712141955329e-01,0.000000000000000000e+00,0.000000000000000000e+00
1.052501595020294189e+02,9.234336255664710791e+01,3.695332145585665251e-01,0.000000000000000000e+00,0.000000000000000000e+00
1.055002760887145996e+02,9.228112148458247077e+01,3.699018410600867224e-01,0.000000000000000000e+00,0.000000000000000000e+00
1.057501471042633057e+02,9.223016280477860107e+01,3.642291938039780574e-01,0.000000000000000000e+00,0.000000000000000000e+00
1.060001835823059082e+02,9.223375867821742702e+01,3.648954500441881632e-01,0.000000000000000000e+00,0.000000000000000000e+00
1.062501182556152344e+02,9.214606810692497163e+01,3.654409345174782775e-01,0.000000000000000000e+00,0.000000000000000000e+00
1.065003552436828613e+02,9.216490776291385600e+01,3.658875394310874274e-01,0.000000000000000000e+00,0.000000000000000000e+00
1.067502541542053223e+02,9.213501505691885995e+01,3.669170147174881658e-01,0.000000000000000000e+00,0.000000000000000000e+00
1.070001444816589355e+02,9.211054097922804829e+01,3.677598777939982133e-01,0.000000000000000000e+00,0.000000000000000000e+00
1.072501740455627441e+02,9.204518598743885605e+01,3.677861296062177043e-01,0.000000000000000000e+00,0.000000000000000000e+00
1.075002007484436035e+02,9.203699515752438742e+01,3.638246479903624597e-01,0.000000000000000000e+00,0.000000000000000000e+00
1.077502186298370361e+02,9.203028907318018526e+01,3.652280620547052603e-01,0.000000000000000000e+00,0.000000000000000000e+00
1.080001084804534912e+02,9.202479859569484688e+01,3.663770803084848149e-01,0.000000000000000000e+00,0.000000000000000000e+00
1.082502264976501465e+02,9.206562068465902371e+01,3.659901646703958566e-01,0.000000000000000000e+00,0.000000000000000000e+00
1.085003702640533447e+02,9.205372567256837613e+01,3.670010371569518703e-01,0.000000000000000000e+00,0.000000000000000000e+00
1.087501575946807861e+02,9.204398686036152810e+01,3.678286695491357339e-01,0.000000000000000000e+00,0.000000000000000000e+00
1.090001444816589355e+02,9.199069608357882544e+01,3.625318245315573562e-01,0.000000000000000000e+00,0.000000000000000000e+00
1.092502303123474121e+02,9.190174797404091578e+01,3.615142651671436891e-01,0.000000000000000000e+00,0.000000000000000000e+00
1.095002460479736328e+02,9.191955804479508174e+01,3.573620274766500793e-01,1.000000000000000000e+00,0.000000000000000000e+00
1.097501370906829834e+02,9.193413969743600944e+01,3.599369158946562619e-01,1.000000000000000000e+00,0.000000000000000000e+00
1.100001955032348633e+02,9.185544352142284197e+01,3.620450562282222506e-01,1.000000000000000000e+00,0.000000000000000000e+00
1.102501523494720459e+02,9.188164716543222710e+01,3.637710555511167732e-01,1.000000000000000000e+00,0.000000000000000000e+00
1.105002100467681885e+02,9.194841820635591034e+01,3.625288617130251745e-01,1.000000000000000000e+00,0.000000000000000000e+00
1.107502601146697998e+02,9.195776839924465662e+01,3.641671619800327386e-01,1.000000000000000000e+00,0.000000000000000000e+00
1.110001406669616699e+02,9.192010637797939410e+01,3.648446626822545724e-01,1.000000000000000000e+00,0.000000000000000000e+00
1.112501726150512695e+02,9.188927132294644196e+01,3.660631794515486481e-01,1.000000000000000000e+00,0.000000000000000000e+00
1.115002202987670898e+02,9.190934302684861734e+01,3.624140157127144213e-01,1.000000000000000000e+00,0.000000000000000000e+00
1.117502427101135254e+02,9.188045903636950129e+01,3.607539853550200126e-01,1.000000000000000000e+00,0.000000000000000000e+00
1.120002467632293701e+02,9.181149351336213726e+01,3.627140161228229465e-01,1.000000000000000000e+00,0.000000000000000000e+00
1.122501931190490723e+02,9.184566394223489283e+01,3.643187535894022444e-01,1.000000000000000000e+00,0.000000000000000000e+00
1.125002021789550781e+02,9.182832301146838461e+01,3.656326015039070843e-01,1.000000000000000000e+00,0.000000000000000000e+00
1.127501840591430664e+02,9.181412545816284876e+01,3.667082891963796554e-01,1.000000000000000000e+00,0.000000000000000000e+00
1.130001695156097412e+02,9.180250148465314908e+01,3.675889877909144232e-01,1.000000000000000000e+00,0.000000000000000000e+00
1.132502138614654541e+02,9.188361920352879508e+01,3.683100428144525651e-01,1.000000000000000000e+00,0.000000000000000000e+00
1.135001761913299561e+02,9.190471546286131854e+01,3.729248419224238109e-01,1.000000000000000000e+00,0.000000000000000000e+00
1.137501304149627686e+02,9.192198761915176419e+01,3.726786706858574716e-01,1.000000000000000000e+00,0.000000000000000000e+00
1.140002059936523438e+02,9.198144617640922149e+01,3.784930502369560079e-01,1.000000000000000000e+00,0.000000000000000000e+00
1.142502174377441406e+02,9.203012672576954856e+01,3.852449580398921158e-01,1.000000000000000000e+00,0.000000000000000000e+00
1.145002250671386719e+02,9.220593492379909151e+01,3.954197353641750179e-01,1.000000000000000000e+00,0.000000000000000000e+00
1.147502031326293945e+02,9.234987450216910077e+01,3.944565548102174635e-01,0.000000000000000000e+00,0.000000000000000000e+00
1.150002582073211670e+02,9.251303957329622563e+01,4.036253790341473024e-01,0.000000000000000000e+00,0.000000000000000000e+00
1.152502238750457764e+02,9.260131052312563327e+01,4.151151521776884623e-01,0.000000000000000000e+00,0.000000000000000000e+00
1.155001592636108398e+02,9.285484991127640342e+01,4.258498350145012989e-01,0.000000000000000000e+00,0.000000000000000000e+00
1.157502424716949463e+02,9.301711309374150005e+01,4.386216247593818229e-01,0.000000000000000000e+00,0.000000000000000000e+00
1.160002477169036865e+02,9.319528026304850243e+01,4.484144556862083575e-01,0.000000000000000000e+00,0.000000000000000000e+00
1.162500934600830078e+02,9.338646851547949268e+01,4.590874519623068251e-01,0.000000000000000000e+00,0.000000000000000000e+00
1.165001459121704102e+02,9.358831752910248269e+01,4.671619361318823382e-01,0.000000000000000000e+00,0.000000000000000000e+00
1.167501623630523682e+02,9.393484677095608504e+01,4.804110438552111062e-01,0.000000000000000000e+00,0.000000000000000000e+00
1.170002260208129883e+02,9.417324360637192626e+01,4.932499741266027082e-01,0.000000000000000000e+00,0.000000000000000000e+00
1.172502217292785645e+02,9.450437836215486698e+01,5.011062967398023371e-01,0.000000000000000000e+00,0.000000000000000000e+00
1.175002040863037109e+02,9.486612319358833645e+01,5.075385096693308951e-01,0.000000000000000000e+00,0.000000000000000000e+00
1.177502288818359375e+02,9.525292943531093215e+01,5.181153872052314258e-01,0.000000000000000000e+00,0.000000000000000000e+00
1.180002224445343018e+02,9.561493691262225525e+01,5.241196795518756613e-01,0.000000000000000000e+00,0.000000000000000000e+00
1.182501795291900635e+02,9.600195819060220970e+01,5.316909009100811989e-01,0.000000000000000000e+00,0.000000000000000000e+00
1.185002543926239014e+02,9.640945903644094983e+01,5.372258484383271027e-01,0.000000000000000000e+00,0.000000000000000000e+00
1.187501254081726074e+02,9.683372713429542955e+01,5.470681071965246556e-01,0.000000000000000000e+00,0.000000000000000000e+00
1.190002408027648926e+02,9.718108847355880187e+01,5.591092419034555672e-01,0.000000000000000000e+00,0.000000000000000000e+00
1.192501037120819092e+02,9.755611850790506878e+01,5.649847144081311390e-01,0.000000000000000000e+00,0.000000000000000000e+00
1.195002250671386719e+02,9.799911906554376628e+01,5.691313183274200327e-01,0.000000000000000000e+00,0.000000000000000000e+00
1.197502362728118896e+02,9.840713455744378280e+01,5.785007235862782426e-01,0.000000000000000000e+00,0.000000000000000000e+00
1.200001845359802246e+02,9.883182401185555932e+01,5.768781601546877358e-01,0.000000000000000000e+00,0.000000000000000000e+00
1.202501268386840820e+02,9.913421301695989030e+01,5.815241525568028980e-01,0.000000000000000000e+00,0.000000000000000000e+00
1.205001618862152100e+02,9.951774013002297181e+01,4.691166213771541527e-01,0.000000000000000000e+00,1.000000000000000000e+00
1.207501990795135498e+02,9.987706288385743392e+01,3.711106692388857486e-01,0.000000000000000000e+00,1.000000000000000000e+00
1.210003998279571533e+02,1.002618860961633942e+02,2.848957400054486500e-01,0.000000000000000000e+00,1.000000000000000000e+00
1.212501652240753174e+02,1.006222700063070477e+02,2.216110241444309292e-01,0.000000000000000000e+00,1.000000000000000000e+00
1.215001702308654785e+02,1.008720100847256447e+02,1.910403709428877828e-01,0.000000000000000000e+00,1.000000000000000000e+00
1.217501201629638672e+02,1.011671145906640703e+02,1.693303748216380411e-01,0.000000000000000000e+00,1.000000000000000000e+00
1.220001947879791260e+02,1.014540430367782449e+02,1.568663603481168789e-01,0.000000000000000000e+00,1.000000000000000000e+00
1.222502071857452393e+02,1.016889601795447930e+02,1.738786313748127976e-01,0.000000000000000000e+00,1.000000000000000000e+00
1.225002026557922363e+02,1.019266113804834788e+02,1.838241260622228423e-01,0.000000000000000000e+00,1.000000000000000000e+00
1.227502074241638184e+02,1.020758664154674022e+02,1.913029823082260383e-01,0.000000000000000000e+00,1.000000000000000000e+00
1.230001730918884277e+02,1.022887007261214762e+02,2.406164503017997891e-01,0.000000000000000000e+00,1.000000000000000000e+00
1.232501904964447021e+02,1.024629547215641168e+02,2.869653561983681600e-01,0.000000000000000000e+00,1.000000000000000000e+00
1.235001564025878906e+02,1.026056218264797195e+02,3.315509100458620129e-01,0.000000000000000000e+00,1.000000000000000000e+00
1.237501769065856934e+02,1.027677450844572320e+02,4.921902828200979685e-01,0.000000000000000000e+00,1.000000000000000000e+00
1.240001513957977295e+02,1.029457976932831116e+02,6.330041704859677987e-01,0.000000000000000000e+00,1.000000000000000000e+00
1.242502541542053223e+02,1.030462575280641317e+02,7.808620201807034977e-01,0.000000000000000000e+00,1.000000000000000000e+00
1.245002171993255615e+02,1.032191417077094968e+02,1.300961189945192498e+00,0.000000000000000000e+00,1.000000000000000000e+00
1.247501125335693359e+02,1.033606873023058199e+02,1.703548370426723135e+00,0.000000000000000000e+00,1.000000000000000000e+00
1.250002458095550537e+02,1.033406230983730154e+02,1.964079341110889665e+00,0.000000000000000000e+00,1.000000000000000000e+00
1.252502226829528809e+02,1.034148305410381994e+02,2.157469275664681163e+00,0.000000000000000000e+00,1.000000000000000000e+00
1.255002331733703613e+02,1.033396345212639460e+02,2.345717338623667825e+00,0.000000000000000000e+00,1.000000000000000000e+00
1.257501494884490967e+02,1.033687038508267193e+02,2.485195986901238996e+00,0.000000000000000000e+00,1.000000000000000000e+00
1.260001680850982666e+02,1.033471864931806152e+02,2.652539226302875530e+00,0.000000000000000000e+00,1.000000000000000000e+00
1.262503683567047119e+02,1.032842522590202634e+02,3.092336807394287401e+00,0.000000000000000000e+00,1.000000000000000000e+00
1.265002849102020264e+02,1.032327260660917716e+02,3.468344366275109891e+00,0.000000000000000000e+00,1.000000000000000000e+00
1.267502162456512451e+02,1.031452226756216817e+02,3.677905325785316037e+00,0.000000000000000000e+00,1.000000000000000000e+00
1.270001578330993652e+02,1.030735809588452270e+02,4.781742533169618170e+00,0.000000000000000000e+00,1.000000000000000000e+00
1.272502408027648926e+02,1.030149256821170525e+02,5.574587294710726226e+00,0.000000000000000000e+00,1.000000000000000000e+00
1.275002315044403076e+02,1.029215854914988881e+02,6.088251356445633533e+00,0.000000000000000000e+00,1.000000000000000000e+00
1.277502083778381348e+02,1.027998476952111275e+02,6.304967196182880151e+00,0.000000000000000000e+00,1.000000000000000000e+00
1.280002102851867676e+02,1.026095425941174000e+02,6.963134950231409270e+00,0.000000000000000000e+00,1.000000000000000000e+00
1.282501482963562012e+02,1.023630993319233369e+02,7.528550900598317774e+00,0.000000000000000000e+00,1.000000000000000000e+00
1.285001780986785889e+02,1.021613286542761898e+02,7.652838540307361548e+00,0.000000000000000000e+00,1.000000000000000000e+00
1.287501320838928223e+02,1.019508154836865828e+02,7.916612024486333610e+00,0.000000000000000000e+00,1.000000000000000000e+00
1.290002028942108154e+02,1.018237791887274284e+02,8.462576502313646998e+00,0.000000000000000000e+00,1.000000000000000000e+00
1.292501835823059082e+02,1.016291360438262643e+02,8.372413631648360166e+00,0.000000000000000000e+00,1.000000000000000000e+00
1.295001637935638428e+02,1.014244584034893677e+02,8.553545905790530313e+00,0.000000000000000000e+00,1.000000000000000000e+00
1.297501308917999268e+02,1.012115652131476224e+02,8.798141037394294983e+00,0.000000000000000000e+00,1.000000000000000000e+00
1.300001618862152100e+02,1.009466283876329271e+02,9.293179911920766756e+00,0.000000000000000000e+00,1.000000000000000000e+00
1.302501938343048096e+02,1.006390818375001857e+02,9.156675302761444257e+00,0.000000000000000000e+00,1.000000000000000000e+00
1.305002002716064453e+02,1.004326013306339860e+02,8.382912422045976086e+00,0.000000000000000000e+00,9.999998000000000339e-05
1.307502372264862061e+02,1.001275974545599752e+02,7.457283232252104987e+00,0.000000000000000000e+00,9.999998000000000339e-05
1.310002098083496094e+02,9.978724677794919273e+01,7.370074192919264355e+00,0.000000000000000000e+00,1.000000000000000000e+00
1.312501876354217529e+02,9.950859121217703773e+01,7.536365308267033214e+00,0.000000000000000000e+00,1.000000000000000000e+00
1.315001842975616455e+02,9.909917808404101436e+01,7.505186941917113330e+00,0.000000000000000000e+00,1.000000000000000000e+00
1.317502069473266602e+02,9.876397896532219534e+01,7.536085564468340436e+00,0.000000000000000000e+00,1.000000000000000000e+00
1.320002264976501465e+02,9.848954113842246727e+01,7.664318046458928890e+00,0.000000000000000000e+00,1.000000000000000000e+00
1.322502655982971191e+02,9.812889851454025347e+01,8.029567957276849910e+00,0.000000000000000000e+00,1.000000000000000000e+00
1.325002620220184326e+02,9.765236006057511986e+01,8.186550033163662476e+00,0.000000000000000000e+00,1.000000000000000000e+00
1.327501671314239502e+02,9.726220337328965115e+01,8.236702877313506477e+00,0.000000000000000000e+00,1.000000000000000000e+00
1.330001528263092041e+02,9.689745278315949406e+01,8.370078092399312553e+00,0.000000000000000000e+00,1.000000000000000000e+00
1.332501084804534912e+02,9.664413756954709811e+01,8.544995466890782154e+00,0.000000000000000000e+00,1.000000000000000000e+00
1.335003786087036133e+02,9.634610599047910284e+01,8.617176252574449080e+00,0.000000000000000000e+00,1.000000000000000000e+00
1.337502999305725098e+02,9.601146374784671877e+01,8.636401623119017046e+00,0.000000000000000000e+00,1.000000000000000000e+00
1.340003161430358887e+02,9.555621260560259600e+01,8.790923573359140875e+00,0.000000000000000000e+00,1.000000000000000000e+00
1.342502007484436035e+02,9.522880180680395767e+01,8.921418293939687771e+00,0.000000000000000000e+00,1.000000000000000000e+00
1.345001785755157471e+02,9.482478858174616221e+01,8.979798901936648647e+00,0.000000000000000000e+00,1.000000000000000000e+00
1.347502939701080322e+02,9.453932784147164625e+01,9.114558465797779618e+00,0.000000000000000000e+00,1.000000000000000000e+00
1.350001759529113770e+02,9.430561235461249225e+01,9.246837982881087825e+00,0.000000000000000000e+00,1.000000000000000000e+00
1.352503325939178467e+02,9.397831036285879236e+01,8.555019373375165159e+00,0.000000000000000000e+00,9.999998000000000339e-05
1.355002193450927734e+02,9.352906890974435328e+01,7.671213539399898806e+00,0.000000000000000000e+00,9.999998000000000339e-05
1.357502803802490234e+02,9.325189573998312653e+01,7.247083826867825707e+00,0.000000000000000000e+00,1.000000000000000000e+00
1.360002503395080566e+02,9.293433091851048289e+01,7.281619818982687953e+00,0.000000000000000000e+00,1.000000000000000000e+00
1.362502508163452148e+02,9.249306158615310380e+01,7.455979115024910620e+00,0.000000000000000000e+00,1.000000000000000000e+00
1.365002486705780029e+02,9.213178081336192804e+01,7.794603098810540587e+00,0.000000000000000000e+00,1.000000000000000000e+00
1.367501525878906250e+02,9.183598913418201448e+01,8.278337649427585987e+00,0.000000000000000000e+00,1.000000000000000000e+00
1.370001616477966309e+02,9.154849807820234275e+01,8.488471912238971129e+00,0.000000000000000000e+00,1.000000000000000000e+00
1.372501976490020752e+02,9.113185106251489742e+01,8.588821858166388878e+00,1.000000000000000000e+00,1.000000000000000000e+00
1.375002312660217285e+02,9.074541202586291888e+01,8.674964474129495784e+00,1.000000000000000000e+00,1.000000000000000000e+00
1.377501928806304932e+02,9.051965712582712342e+01,8.644548858704860450e+00,1.000000000000000000e+00,1.000000000000000000e+00
1.380002036094665527e+02,9.019887271131825912e+01,8.702002715936998811e+00,1.000000000000000000e+00,1.000000000000000000e+00
1.382501866817474365e+02,8.993623664605173929e+01,8.732446212372449779e+00,1.000000000000000000e+00,1.000000000000000000e+00
1.385001957416534424e+02,8.967589111082014597e+01,8.759362844351306521e+00,1.000000000000000000e+00,1.000000000000000000e+00
1.387502806186676025e+02,8.946273821469947052e+01,8.735554607136396754e+00,1.000000000000000000e+00,1.000000000000000000e+00
1.390001840591430664e+02,8.906163682488532629e+01,8.815677860720981585e+00,1.000000000000000000e+00,1.000000000000000000e+00
1.392501592636108398e+02,8.877856009367266665e+01,8.852732582885289858e+00,1.000000000000000000e+00,1.000000000000000000e+00
1.395001533031463623e+02,8.850147915661757736e+01,8.854525773885912443e+00,1.000000000000000000e+00,1.000000000000000000e+00
1.397501606941223145e+02,8.822930716062839451e+01,8.860640751649111024e+00,1.000000000000000000e+00,1.000000000000000000e+00
1.400001325607299805e+02,8.791583695392444042e+01,8.904149222582958600e+00,1.000000000000000000e+00,1.000000000000000000e+00
1.402502765655517578e+02,8.765918925552219321e+01,8.917200930552393601e+00,1.000000000000000000e+00,1.000000000000000000e+00
1.405002629756927490e+02,8.740374658040309441e+01,8.937844066249834185e+00,1.000000000000000000e+00,1.000000000000000000e+00
1.407502007484436035e+02,8.714929049490406499e+01,9.012498343431634140e+00,1.000000000000000000e+00,1.000000000000000000e+00
1.410002400875091553e+02,8.694095947239816269e+01,9.009892535753536436e+00,1.000000000000000000e+00,1.000000000000000000e+00
1.412501709461212158e+02,8.672507514572190246e+01,8.365007878172642464e+00,1.000000000000000000e+00,9.999998000000000339e-05
1.415001657009124756e+02,8.654832400836451711e+01,7.540206905258703074e+00,1.000000000000000000e+00,9.999998000000000339e-05
1.417501931190490723e+02,8.640361241656852087e+01,7.111280017057136860e+00,1.000000000000000000e+00,1.000000000000000000e+00
1.420002582073211670e+02,8.619449796257725893e+01,7.095420405013500798e+00,1.000000000000000000e+00,1.000000000000000000e+00
1.422502193450927734e+02,8.611392415164250735e+01,7.361948662462563853e+00,1.000000000000000000e+00,1.000000000000000000e+00
1.425002336502075195e+02,8.600263858300704101e+01,7.660528176407792600e+00,1.000000000000000000e+00,1.000000000000000000e+00
1.427501566410064697e+02,8.591152566559139814e+01,7.863785713542638334e+00,1.000000000000000000e+00,1.000000000000000000e+00
1.430003476142883301e+02,8.588224602983106593e+01,8.052810435850878079e+00,1.000000000000000000e+00,1.000000000000000000e+00
1.432502303123474121e+02,8.581295657986464676e+01,8.277272802461608237e+00,1.000000000000000000e+00,1.000000000000000000e+00
1.435002069473266602e+02,8.575622717631330261e+01,8.408604582895208068e+00,1.000000000000000000e+00,1.000000000000000000e+00
1.437502586841583252e+02,8.580041569248304256e+01,8.542019368045824734e+00,1.000000000000000000e+00,1.000000000000000000e+00
1.440001556873321533e+02,8.583659418960408516e+01,8.647267126401310122e+00,1.000000000000000000e+00,1.000000000000000000e+00
1.442502176761627197e+02,8.586621463779722774e+01,8.797164081845863848e+00,1.000000000000000000e+00,1.000000000000000000e+00
1.445002205371856689e+02,8.589046580965290900e+01,8.828281108474852701e+00,1.000000000000000000e+00,1.000000000000000000e+00
1.447501401901245117e+02,8.604627292504085290e+01,8.933416889487974188e+00,1.000000000000000000e+00,1.000000000000000000e+00
1.450002739429473877e+02,8.621915431368782379e+01,9.045384204305433329e+00,1.000000000000000000e+00,1.000000000000000000e+00
1.452502400875091553e+02,8.622474568801641226e+01,9.046774683664279948e+00,1.000000000000000000e+00,1.000000000000000000e+00
1.455001444816589355e+02,8.641059276505323794e+01,8.445655283710076233e+00,1.000000000000000000e+00,9.999998000000000339e-05
1.457501602172851562e+02,8.656275148239294026e+01,7.657350262382963457e+00,1.000000000000000000e+00,9.999998000000000339e-05
1.460002751350402832e+02,8.673264581535835305e+01,7.321367303112547020e+00,1.000000000000000000e+00,1.000000000000000000e+00
1.462502481937408447e+02,8.700769546572232116e+01,7.500470508858111174e+00,1.000000000000000000e+00,1.000000000000000000e+00
1.465002298355102539e+02,8.723288707309863810e+01,7.745395803712161964e+00,1.000000000000000000e+00,1.000000000000000000e+00
1.467501850128173828e+02,8.741725836739269084e+01,7.929950228777096655e+00,1.000000000000000000e+00,1.000000000000000000e+00
1.470002040863037109e+02,8.765884343947703883e+01,8.194606731928683274e+00,1.000000000000000000e+00,1.000000000000000000e+00
1.472502663135528564e+02,8.794727119093806778e+01,8.459084774935387685e+00,1.000000000000000000e+00,1.000000000000000000e+00
1.475001761913299561e+02,8.818341586110034314e+01,8.637782939656357684e+00,1.000000000000000000e+00,1.000000000000000000e+00
1.477501814365386963e+02,8.846738938819865439e+01,8.741603642884662406e+00,1.000000000000000000e+00,1.000000000000000000e+00
1.480002517700195312e+02,8.883583918308558225e+01,8.914893844829695269e+00,1.000000000000000000e+00,1.000000000000000000e+00
1.482502610683441162e+02,8.909218304939429345e+01,9.056771862369187076e+00,1.000000000000000000e+00,1.000000000000000000e+00
1.485001869201660156e+02,8.934737696783463434e+01,9.087297991037582179e+00,1.000000000000000000e+00,1.000000000000000000e+00
1.487501790523529053e+02,8.964694670032123724e+01,8.513352064364390515e+00,1.000000000000000000e+00,9.999998000000000339e-05
1.490001807212829590e+02,9.002816558819087334e+01,7.734723416467848445e+00,1.000000000000000000e+00,9.999998000000000339e-05
1.492502207756042480e+02,9.047623315053544957e+01,7.437199056501297534e+00,1.000000000000000000e+00,1.000000000000000000e+00
1.495002112388610840e+02,9.088839715501413252e+01,7.638454315270001516e+00,1.000000000000000000e+00,1.000000000000000000e+00
1.497501988410949707e+02,9.122584850079260832e+01,7.914128891378744868e+00,1.000000000000000000e+00,1.000000000000000000e+00
1.500001544952392578e+02,9.159276491871001724e+01,8.096683356951134058e+00,1.000000000000000000e+00,1.000000000000000000e+00
1.502502403259277344e+02,9.202912260905972630e+01,8.359660921103717612e+00,1.000000000000000000e+00,1.000000000000000000e+00
1.505002195835113525e+02,9.229574744603009151e+01,8.586917646463581022e+00,1.000000000000000000e+00,1.000000000000000000e+00
1.507501356601715088e+02,9.264999333478364463e+01,8.919063152299976593e+00,0.000000000000000000e+00,1.000000000000000000e+00
1.510001468658447266e+02,9.307597727324913706e+01,9.119970538018483452e+00,0.000000000000000000e+00,1.000000000000000000e+00
1.512502956390380859e+02,9.342474342398811871e+01,9.419258656007814423e+00,0.000000000000000000e+00,1.000000000000000000e+00
1.515002477169036865e+02,9.371028899723074801e+01,8.904668861162090110e+00,0.000000000000000000e+00,9.999998000000000339e-05
1.517502009868621826e+02,9.417066049810227923e+01,8.126136141531498325e+00,0.000000000000000000e+00,9.999998000000000339e-05
1.520002140998840332e+02,9.463821542716749491e+01,8.007301435671521972e+00,0.000000000000000000e+00,1.000000000000000000e+00
1.522502176761627197e+02,9.497569971461587102e+01,8.315025661695713666e+00,0.000000000000000000e+00,1.000000000000000000e+00
1.525002272129058838e+02,9.543327772635248607e+01,8.580950789831675252e+00,0.000000000000000000e+00,1.000000000000000000e+00
1.527501468658447266e+02,9.594386285168504003e+01,8.878331909697399382e+00,0.000000000000000000e+00,1.000000000000000000e+00
1.530002264976501465e+02,9.622594266066747082e+01,9.245983662827697458e+00,0.000000000000000000e+00,1.000000000000000000e+00
1.532501442432403564e+02,9.659284201029525718e+01,9.471273482406708411e+00,0.000000000000000000e+00,1.000000000000000000e+00
1.535002346038818359e+02,9.698386841458085428e+01,8.973808224786248289e+00,0.000000000000000000e+00,9.999998000000000339e-05
1.537501981258392334e+02,9.734933106876547981e+01,8.206640477216049945e+00,0.000000000000000000e+00,9.999998000000000339e-05
1.540001645088195801e+02,9.773918120630894180e+01,8.017451309122167302e+00,0.000000000000000000e+00,1.000000000000000000e+00
1.542502009868621826e+02,9.810368081473795598e+01,8.345947382359906186e+00,0.000000000000000000e+00,1.000000000000000000e+00
1.545003142356872559e+02,9.844742516537417032e+01,8.768241757949434501e+00,0.000000000000000000e+00,1.000000000000000000e+00
1.547501819133758545e+02,9.877417654816737524e+01,9.167798738737715780e+00,0.000000000000000000e+00,1.000000000000000000e+00
1.550001788139343262e+02,9.908701526560143691e+01,9.371415087048344361e+00,0.000000000000000000e+00,1.000000000000000000e+00
1.552501845359802246e+02,9.943378056777918061e+01,8.892714893535565324e+00,0.000000000000000000e+00,9.999998000000000339e-05
1.555001852512359619e+02,9.962705336131146794e+01,8.145557518178648593e+00,0.000000000000000000e+00,9.999998000000000339e-05
1.557501435279846191e+02,9.987592636457065964e+01,8.110869016080810567e+00,0.000000000000000000e+00,1.000000000000000000e+00
1.560001316070556641e+02,1.001250036576803382e+02,8.456286807907352099e+00,0.000000000000000000e+00,1.000000000000000000e+00
1.562501931190490723e+02,1.003289308974426461e+02,8.877209079428263649e+00,0.000000000000000000e+00,1.000000000000000000e+00
1.565001680850982666e+02,1.004958924000263494e+02,9.208553115440835768e+00,0.000000000000000000e+00,1.000000000000000000e+00
1.567501776218414307e+02,1.006779062285022519e+02,9.475810490291637578e+00,0.000000000000000000e+00,1.000000000000000000e+00
1.570001785755157471e+02,1.007362919238999268e+02,8.976859004686369659e+00,0.000000000000000000e+00,9.999998000000000339e-05
1.572501621246337891e+02,1.008294113999923383e+02,8.233036056978361827e+00,0.000000000000000000e+00,9.999998000000000339e-05
1.575003075599670410e+02,1.008603338670492064e+02,8.167844737225395946e+00,0.000000000000000000e+00,1.000000000000000000e+00
1.577502362728118896e+02,1.009762856652507139e+02,8.540109280145987469e+00,0.000000000000000000e+00,1.000000000000000000e+00
1.580002269744873047e+02,1.010259016565824766e+02,8.929198411074086295e+00,0.000000000000000000e+00,1.000000000000000000e+00
1.582502081394195557e+02,1.010212064827997409e+02,9.259748608937197645e+00,0.000000000000000000e+00,1.000000000000000000e+00
1.585002233982086182e+02,1.009720450879022735e+02,9.583486672634482062e+00,0.000000000000000000e+00,1.000000000000000000e+00
1.587503168582916260e+02,1.009317951420354973e+02,9.091569850910612871e+00,0.000000000000000000e+00,9.999998000000000339e-05
1.590002121925354004e+02,1.008988412735446332e+02,8.319651104150741716e+00,0.000000000000000000e+00,9.999998000000000339e-05
1.592502238750457764e+02,1.007812263045172756e+02,7.505063343453249658e+00,0.000000000000000000e+00,9.999998000000000339e-05
1.595002088546752930e+02,1.006849313123522620e+02,7.262445814153172918e+00,0.000000000000000000e+00,1.000000000000000000e+00
1.597501444816589355e+02,1.005607743291688507e+02,7.616236650367561367e+00,0.000000000000000000e+00,1.000000000000000000e+00
1.600001485347747803e+02,1.004591231888272205e+02,8.109731906143290203e+00,0.000000000000000000e+00,1.000000000000000000e+00
1.602502605915069580e+02,1.002399463389525636e+02,8.602767598013798533e+00,0.000000000000000000e+00,1.000000000000000000e+00
1.605002412796020508e+02,1.000151821998669135e+02,8.942660560246096679e+00,0.000000000000000000e+00,0.000000000000000000e+00
1.607502005100250244e+02,9.983116088700839441e+01,9.218287599405513788e+00,0.000000000000000000e+00,0.000000000000000000e+00
1.610002584457397461e+02,9.958986235548834998e+01,9.524979286119300781e+00,0.000000000000000000e+00,0.000000000000000000e+00
1.612501077651977539e+02,9.934698651532981728e+01,9.826528058548571920e+00,0.000000000000000000e+00,0.000000000000000000e+00
1.615002107620239258e+02,9.914813659581237459e+01,1.006345819235590255e+01,0.000000000000000000e+00,0.000000000000000000e+00
1.617502124309539795e+02,9.884938011626483956e+01,1.031652126488413934e+01,0.000000000000000000e+00,0.000000000000000000e+00
1.620002379417419434e+02,9.860477899877795949e+01,1.055159280770048724e+01,0.000000000000000000e+00,0.000000000000000000e+00
1.622502470016479492e+02,9.831388191819320355e+01,1.077861390359587013e+01,0.000000000000000000e+00,0.000000000000000000e+00
1.625002102851867676e+02,9.807571553233785266e+01,1.097311147255637209e+01,0.000000000000000000e+00,0.000000000000000000e+00
1.627501151561737061e+02,9.774476945269714179e+01,1.115425900215376664e+01,0.000000000000000000e+00,0.000000000000000000e+00
1.630001528263092041e+02,9.742849640795418509e+01,1.130721779897033841e+01,0.000000000000000000e+00,0.000000000000000000e+00
1.632501382827758789e+02,9.716955393985351463e+01,1.145302755478846102e+01,0.000000000000000000e+00,0.000000000000000000e+00
1.635001661777496338e+02,9.677628053101956596e+01,1.155713817730730675e+01,0.000000000000000000e+00,0.000000000000000000e+00
1.637502329349517822e+02,9.645429549683940706e+01,1.163441177497582579e+01,0.000000000000000000e+00,0.000000000000000000e+00
1.640001709461212158e+02,9.605472451213373120e+01,1.169767804578801673e+01,0.000000000000000000e+00,0.000000000000000000e+00
1.642502217292785645e+02,9.581821808237856430e+01,1.176739999047016738e+01,0.000000000000000000e+00,0.000000000000000000e+00
1.645002074241638184e+02,9.548863105984581523e+01,1.179792935876423954e+01,0.000000000000000000e+00,0.000000000000000000e+00
1.647502577304840088e+02,9.521878802868283742e+01,1.181628661163635741e+01,0.000000000000000000e+00,0.000000000000000000e+00
1.650003316402435303e+02,9.486190730537441596e+01,1.182932411008111373e+01,0.000000000000000000e+00,0.000000000000000000e+00
1.652501330375671387e+02,9.447908345856008339e+01,1.185327628333808292e+01,0.000000000000000000e+00,0.000000000000000000e+00
1.655001945495605469e+02,9.412033649043107175e+01,1.185562620649469778e+01,0.000000000000000000e+00,0.000000000000000000e+00
1.657502641677856445e+02,9.369066737985885140e+01,1.185223897191557541e+01,0.000000000000000000e+00,0.000000000000000000e+00
1.660002291202545166e+02,9.333888406538571303e+01,1.185278659140136881e+01,0.000000000000000000e+00,0.000000000000000000e+00
1.662502388954162598e+02,9.305086824740685358e+01,1.186850144029114418e+01,0.000000000000000000e+00,0.000000000000000000e+00
1.665002326965332031e+02,9.272442621639363836e+01,1.185946128186665227e+01,0.000000000000000000e+00,0.000000000000000000e+00
1.667501945495605469e+02,9.241184077477538494e+01,1.185338852973176316e+01,0.000000000000000000e+00,0.000000000000000000e+00
1.670002882480621338e+02,9.201996552556654763e+01,1.186368488947135091e+01,0.000000000000000000e+00,0.000000000000000000e+00
1.672502107620239258e+02,9.174444251939966932e+01,1.186945924136749753e+01,0.000000000000000000e+00,0.000000000000000000e+00
1.675001077651977539e+02,9.142822873760934499e+01,1.185294393779717481e+01,0.000000000000000000e+00,0.000000000000000000e+00
1.677501432895660400e+02,9.112401747818000786e+01,1.184407009435881442e+01,1.000000000000000000e+00,0.000000000000000000e+00
1.680001823902130127e+02,9.082963305292211942e+01,1.183746825128156388e+01,1.000000000000000000e+00,0.000000000000000000e+00
1.682502481937408447e+02,9.049797684727529656e+01,1.184002809003697720e+01,1.000000000000000000e+00,0.000000000000000000e+00
1.685002658367156982e+02,9.022643971226308679e+01,1.182420181830577555e+01,1.000000000000000000e+00,0.000000000000000000e+00
1.687502434253692627e+02,8.991348928576488220e+01,1.181522684828774850e+01,1.000000000000000000e+00,0.000000000000000000e+00
1.690002703666687012e+02,8.965726714740193870e+01,1.180256757539122070e+01,1.000000000000000000e+00,0.000000000000000000e+00
1.692501957416534424e+02,8.940217289137429191e+01,1.181809191320462915e+01,1.000000000000000000e+00,0.000000000000000000e+00
1.695001804828643799e+02,8.905736744383939651e+01,1.180225769768082955e+01,1.000000000000000000e+00,0.000000000000000000e+00
1.697501599788665771e+02,8.882038193184425268e+01,1.178863029303689558e+01,1.000000000000000000e+00,0.000000000000000000e+00
1.700001573562622070e+02,8.853571998167890911e+01,1.178145560312514561e+01,1.000000000000000000e+00,0.000000000000000000e+00
1.702502498626708984e+02,8.830265848884738489e+01,1.179682440689738954e+01,1.000000000000000000e+00,0.000000000000000000e+00
1.705001466274261475e+02,8.811184387730794754e+01,1.178683748524948527e+01,1.000000000000000000e+00,0.000000000000000000e+00
1.707503149509429932e+02,8.781966615151247879e+01,1.178197992527890747e+01,1.000000000000000000e+00,0.000000000000000000e+00
1.710002136230468750e+02,8.753513395030881838e+01,1.177667600065860576e+01,1.000000000000000000e+00,0.000000000000000000e+00
1.712501900196075439e+02,8.739281331040342593e+01,1.179888583374909317e+01,1.000000000000000000e+00,0.000000000000000000e+00
1.715001921653747559e+02,8.718565640225412494e+01,1.179051738783186742e+01,1.000000000000000000e+00,0.000000000000000000e+00
1.717502131462097168e+02,8.715200260603126026e+01,1.178499277469143536e+01,1.000000000000000000e+00,0.000000000000000000e+00
1.720001373291015625e+02,8.707913189637528717e+01,1.179573791268274618e+01,1.000000000000000000e+00,0.000000000000000000e+00
1.722501466274261475e+02,8.697415309365082692e+01,1.181117336742458335e+01,1.000000000000000000e+00,0.000000000000000000e+00
1.725002119541168213e+02,8.679756909597799108e+01,1.180920598568496160e+01,1.000000000000000000e+00,0.000000000000000000e+00
1.727502186298370361e+02,8.669831165831229214e+01,1.182020794395252139e+01,1.000000000000000000e+00,0.000000000000000000e+00
1.730001773834228516e+02,8.675299847681517917e+01,1.182324095115170337e+01,1.000000000000000000e+00,0.000000000000000000e+00
1.732502281665802002e+02,8.666182032171997207e+01,1.183302750537847103e+01,1.000000000000000000e+00,0.000000000000000000e+00
1.735001542568206787e+02,8.672312189732610932e+01,1.183506542391204164e+01,1.000000000000000000e+00,0.000000000000000000e+00
1.737501718997955322e+02,8.677331138248700881e+01,1.183607048504400794e+01,1.000000000000000000e+00,0.000000000000000000e+00
1.740001688003540039e+02,8.681440305746937725e+01,1.184618703379116411e+01,1.000000000000000000e+00,0.000000000000000000e+00
1.742502267360687256e+02,8.675741145201192239e+01,1.183654586022982258e+01,1.000000000000000000e+00,0.000000000000000000e+00
1.745001902580261230e+02,8.698265454233964533e+01,1.183728256378534738e+01,1.000000000000000000e+00,0.000000000000000000e+00
1.747502415180206299e+02,8.707643336384826682e+01,1.183456668573101744e+01,1.000000000000000000e+00,0.000000000000000000e+00
1.750001618862152100e+02,8.715321296900478387e+01,1.184827486695830245e+01,1.000000000000000000e+00,0.000000000000000000e+00
1.752503788471221924e+02,8.735202672814712344e+01,1.186945529623127271e+01,1.000000000000000000e+00,0.000000000000000000e+00
1.755001940727233887e+02,8.765075360208351185e+01,1.186953590734853492e+01,1.000000000000000000e+00,0.000000000000000000e+00
1.757502188682556152e+02,8.789533048054607889e+01,1.186628286623813366e+01,1.000000000000000000e+00,0.000000000000000000e+00
1.760001690387725830e+02,8.809557309243520251e+01,1.188287029546313889e+01,1.000000000000000000e+00,0.000000000000000000e+00
1.762505548000335693e+02,8.835015250032650158e+01,1.189777963746409384e+01,1.000000000000000000e+00,0.000000000000000000e+00
1.765002238750457764e+02,8.860390180239798497e+01,1.189139902568905072e+01,1.000000000000000000e+00,0.000000000000000000e+00
1.767502315044403076e+02,8.890228878303699389e+01,1.188484813171790222e+01,1.000000000000000000e+00,0.000000000000000000e+00
1.770002448558807373e+02,8.919190469213474159e+01,1.189209742756440136e+01,1.000000000000000000e+00,0.000000000000000000e+00
1.772502138614654541e+02,8.951965676695471075e+01,1.189803264901209090e+01,1.000000000000000000e+00,0.000000000000000000e+00
1.775002825260162354e+02,8.992394940518644830e+01,1.188828713411313487e+01,1.000000000000000000e+00,0.000000000000000000e+00
1.777501907348632812e+02,9.039090815654132882e+01,1.188030818136078182e+01,1.000000000000000000e+00,0.000000000000000000e+00
1.780002121925354004e+02,9.081853895842495206e+01,1.188572483612217212e+01,1.000000000000000000e+00,0.000000000000000000e+00
1.782501742839813232e+02,9.125928807035148793e+01,1.189746114322014847e+01,1.000000000000000000e+00,0.000000000000000000e+00
1.785002501010894775e+02,9.171077754613855859e+01,1.189578419545546595e+01,1.000000000000000000e+00,0.000000000000000000e+00
1.787502214908599854e+02,9.217106048811750441e+01,1.188976529595060327e+01,1.000000000000000000e+00,0.000000000000000000e+00
1.790001831054687500e+02,9.263854291129388230e+01,1.188749303229369403e+01,1.000000000000000000e+00,0.000000000000000000e+00
1.792502105236053467e+02,9.306660245940230425e+01,1.190289130515812488e+01,0.000000000000000000e+00,0.000000000000000000e+00
1.795002388954162598e+02,9.350770259904834347e+01,1.189691099611713554e+01,0.000000000000000000e+00,0.000000000000000000e+00
1.797502095699310303e+02,9.400479678375506865e+01,1.189666247668344923e+01,0.000000000000000000e+00,0.000000000000000000e+00
1.800002398490905762e+02,9.445710039168118044e+01,1.191438290931600186e+01,0.000000000000000000e+00,0.000000000000000000e+00
