5.007476806640625000e-01,8.700000000000000000e+01,3.657394000000000034e+00,0.000000000000000000e+00,0.000000000000000000e+00
1.000657558441162109e+00,8.700000000000000000e+01,3.645320790405870870e+00,0.000000000000000000e+00,0.000000000000000000e+00
1.500479936599731445e+00,8.691758001150891744e+01,3.663789200845982919e+00,0.000000000000000000e+00,0.000000000000000000e+00
2.000686883926391602e+00,8.669749226404712772e+01,3.670132176945362978e+00,0.000000000000000000e+00,0.000000000000000000e+00
2.500303745269775391e+00,8.654996303503666866e+01,3.685249922579013848e+00,0.000000000000000000e+00,0.000000000000000000e+00
3.000368595123291016e+00,8.645107123545477634e+01,3.686932304908241420e+00,0.000000000000000000e+00,0.000000000000000000e+00
3.500544071197509766e+00,8.630236209131538772e+01,3.694096809145659854e+00,0.000000000000000000e+00,0.000000000000000000e+00
4.000583648681640625e+00,8.612025938247887780e+01,3.701313895938743492e+00,0.000000000000000000e+00,0.000000000000000000e+00
4.500510454177856445e+00,8.583335230932618742e+01,3.710981135535750930e+00,1.462356999999999962e-01,0.000000000000000000e+00
5.000505685806274414e+00,8.564103274684252654e+01,3.729534489621583404e+00,0.000000000000000000e+00,0.000000000000000000e+00
5.500365972518920898e+00,8.542969710037382924e+01,3.735934405149472504e+00,0.000000000000000000e+00,0.000000000000000000e+00
6.000541448593139648e+00,8.528803458010396810e+01,3.754712182397715203e+00,5.958581999999999928e-10,0.000000000000000000e+00
6.500392675399780273e+00,8.511065536450405489e+01,3.758848286967281460e+00,1.312941999999999880e-10,0.000000000000000000e+00
7.000324249267578125e+00,8.490933453204627313e+01,3.770071816712684321e+00,0.000000000000000000e+00,0.000000000000000000e+00
7.500465631484985352e+00,8.477438514236523304e+01,3.775180597705469765e+00,3.139157000000000123e-10,0.000000000000000000e+00
8.000553607940673828e+00,8.451908588427957625e+01,3.800336959221162658e+00,1.399400000000000035e-11,0.000000000000000000e+00
8.500540971755981445e+00,8.443037366233782848e+01,3.803919275044904680e+00,0.000000000000000000e+00,0.000000000000000000e+00
9.000507831573486328e+00,8.428848809315081780e+01,3.826845128366795024e+00,1.107058999999999966e-10,0.000000000000000000e+00
9.500489711761474609e+00,8.419337935188158895e+01,3.822895520198343000e+00,0.000000000000000000e+00,0.000000000000000000e+00
1.000043416023254395e+01,8.404720606756451673e+01,3.826284788306084650e+00,5.926681000000000310e-01,0.000000000000000000e+00
1.050052237510681152e+01,8.403164317338300293e+01,3.829763970651510974e+00,8.043341000000000518e-01,0.000000000000000000e+00
1.100033974647521973e+01,8.393879106494772202e+01,3.833303424312880736e+00,1.000000000000000000e+00,0.000000000000000000e+00
1.150033831596374512e+01,8.379413044685578882e+01,3.847749200648240109e+00,1.000000000000000000e+00,0.000000000000000000e+00
1.200062847137451172e+01,8.377958152316794838e+01,3.852603342140708875e+00,1.000000000000000000e+00,0.000000000000000000e+00
1.250046563148498535e+01,8.376982908797174332e+01,3.858271746472238917e+00,1.000000000000000000e+00,0.000000000000000000e+00
1.300058221817016602e+01,8.368087184667096778e+01,3.854827333896240216e+00,3.668583000000000260e-01,0.000000000000000000e+00
1.350047636032104492e+01,8.378608200156921271e+01,3.879079799950777563e+00,0.000000000000000000e+00,0.000000000000000000e+00
1.400070118904113770e+01,8.393902646593511463e+01,3.883263174838849530e+00,0.000000000000000000e+00,0.000000000000000000e+00
1.450050354003906250e+01,8.395912821783866775e+01,3.895726008497700121e+00,0.000000000000000000e+00,0.000000000000000000e+00
1.500045537948608398e+01,8.413744280208223358e+01,3.920982786969387845e+00,0.000000000000000000e+00,0.000000000000000000e+00
1.550042939186096191e+01,8.442181061938339326e+01,3.952400697454205858e+00,1.224228000000000062e-11,0.000000000000000000e+00
1.600036787986755371e+01,8.477726804474994537e+01,3.984326674259444090e+00,9.094267000000000148e-10,0.000000000000000000e+00
1.650038981437683105e+01,8.518037825946754538e+01,4.019007794086810748e+00,8.334237000000000124e-13,0.000000000000000000e+00
1.700043892860412598e+01,8.561543109413665320e+01,4.053121165528770220e+00,0.000000000000000000e+00,0.000000000000000000e+00
1.750065445899963379e+01,8.598947571879108409e+01,4.083307596582091747e+00,1.000000000000000000e+00,0.000000000000000000e+00
1.800051474571228027e+01,8.632262531729990940e+01,4.124066721649411349e+00,1.000000000000000000e+00,0.000000000000000000e+00
1.850042557716369629e+01,8.679320213698237296e+01,4.142937034621033021e+00,1.000000000000000000e+00,0.000000000000000000e+00
1.900038099288940430e+01,8.719105920090632367e+01,4.171281257249258800e+00,1.000000000000000000e+00,0.000000000000000000e+00
1.950048756599426270e+01,8.762259074329359976e+01,4.178207748272126487e+00,1.000000000000000000e+00,0.000000000000000000e+00
2.000045776367187500e+01,8.782943499816138910e+01,4.214241190870156473e+00,1.000000000000000000e+00,0.000000000000000000e+00
2.050041985511779785e+01,8.829776680257091925e+01,4.229943784151414476e+00,1.000000000000000000e+00,0.000000000000000000e+00
2.100058150291442871e+01,8.877653897624485069e+01,4.248920892822463102e+00,1.000000000000000000e+00,0.000000000000000000e+00
2.150064253807067871e+01,8.909746956174254251e+01,4.289410242022928088e+00,1.000000000000000000e+00,0.000000000000000000e+00
2.200048351287841797e+01,8.947743574356978513e+01,4.320172928417188807e+00,1.000000000000000000e+00,0.000000000000000000e+00
2.250051617622375488e+01,8.997939465753748323e+01,4.364940192965427457e+00,0.000000000000000000e+00,0.000000000000000000e+00
2.300070786476135254e+01,9.048070775683848410e+01,4.417887718995132218e+00,1.439389999999999938e-13,0.000000000000000000e+00
2.350070691108703613e+01,9.106400794211347716e+01,4.488391847871806561e+00,0.000000000000000000e+00,0.000000000000000000e+00
2.400073289871215820e+01,9.161984572614179001e+01,4.561006215645750927e+00,5.212391999999999506e-13,0.000000000000000000e+00
2.450066661834716797e+01,9.223969490059326404e+01,4.641071558811546538e+00,1.956545999999999971e-11,0.000000000000000000e+00
2.500043082237243652e+01,9.282003220472890348e+01,4.710436036896682666e+00,1.193282000000000044e-11,0.000000000000000000e+00
2.550049686431884766e+01,9.345630389862657239e+01,4.793152065822336105e+00,2.250875999999999991e-11,0.000000000000000000e+00
2.600040483474731445e+01,9.404764954675341926e+01,4.867915545362253127e+00,0.000000000000000000e+00,0.000000000000000000e+00
2.650068545341491699e+01,9.460888036581096117e+01,4.957947993875331250e+00,0.000000000000000000e+00,0.000000000000000000e+00
2.700033426284790039e+01,9.531476458824258202e+01,5.032786664164238033e+00,0.000000000000000000e+00,0.000000000000000000e+00
2.750035381317138672e+01,9.603519289819206506e+01,5.127623499479806668e+00,1.368311000000000111e-01,0.000000000000000000e+00
2.800036358833312988e+01,9.668295041306495818e+01,5.194816395268665232e+00,1.000000000000000000e+00,0.000000000000000000e+00
2.850031399726867676e+01,9.686989529478121597e+01,5.278491674712295634e+00,1.000000000000000000e+00,0.000000000000000000e+00
2.900048112869262695e+01,9.748972812744591465e+01,5.350275965449377225e+00,1.000000000000000000e+00,0.000000000000000000e+00
2.950046491622924805e+01,9.798763448886322180e+01,5.411674912106439805e+00,1.000000000000000000e+00,0.000000000000000000e+00
3.000038433074951172e+01,9.823897111547881877e+01,5.490259103309899302e+00,0.000000000000000000e+00,0.000000000000000000e+00
3.050046992301940918e+01,9.840744709460221884e+01,5.558630735543457213e+00,1.000000000000000000e+00,0.000000000000000000e+00
3.100071263313293457e+01,9.876763988615738299e+01,5.637059376017921508e+00,1.000000000000000000e+00,0.000000000000000000e+00
3.150072193145751953e+01,9.917392431175653655e+01,5.702912163496823617e+00,2.809272000000000181e-10,0.000000000000000000e+00
3.200102257728576660e+01,9.928142492964553867e+01,5.796555063079143366e+00,2.029953000000000019e-07,0.000000000000000000e+00
3.250085282325744629e+01,9.943590473726885648e+01,5.877510922098748480e+00,2.364116999999999871e-11,0.000000000000000000e+00
3.300059127807617188e+01,9.970429562600867257e+01,5.987314153248599169e+00,0.000000000000000000e+00,0.000000000000000000e+00
3.350059080123901367e+01,1.000490433958864571e+02,6.082649303413251829e+00,0.000000000000000000e+00,0.000000000000000000e+00
3.400063991546630859e+01,1.004449747138438056e+02,6.196054821708322891e+00,3.524456999999999816e-10,0.000000000000000000e+00
3.450083017349243164e+01,1.006279554246328303e+02,6.303463290769288463e+00,0.000000000000000000e+00,0.000000000000000000e+00
3.500037288665771484e+01,1.009154510400947515e+02,6.411680969477238534e+00,0.000000000000000000e+00,0.000000000000000000e+00
3.550038218498229980e+01,1.011081651142862370e+02,6.522855653615842186e+00,0.000000000000000000e+00,0.000000000000000000e+00
3.600040054321289062e+01,1.014021851983521572e+02,6.636012807450804907e+00,0.000000000000000000e+00,0.000000000000000000e+00
3.650091862678527832e+01,1.016816927431297302e+02,6.760232651104692181e+00,0.000000000000000000e+00,0.000000000000000000e+00
3.700053143501281738e+01,1.017866322649212520e+02,6.888170676823568428e+00,1.263110999999999900e-09,0.000000000000000000e+00
3.750044322013854980e+01,1.020218153069816651e+02,7.018601074515417260e+00,4.782375999999999533e-10,0.000000000000000000e+00
3.800050830841064453e+01,1.021794632145624178e+02,7.118104394294793025e+00,1.718904999999999918e-10,0.000000000000000000e+00
3.850045847892761230e+01,1.022027177787382755e+02,7.237925784212142943e+00,5.607775999999999599e-10,0.000000000000000000e+00
3.900076484680175781e+01,1.023831457562493483e+02,7.371366783839734538e+00,9.964602000000000276e-11,0.000000000000000000e+00
3.950080847740173340e+01,1.025040902464406969e+02,7.510315087221076880e+00,2.644280000000000199e-10,0.000000000000000000e+00
4.000037288665771484e+01,1.024203217856913426e+02,7.584137982797598099e+00,7.186625000000000502e-10,0.000000000000000000e+00
4.050052332878112793e+01,1.023641701072254904e+02,7.710967185478790675e+00,0.000000000000000000e+00,0.000000000000000000e+00
4.100052428245544434e+01,1.022441105230402059e+02,7.798397918441546395e+00,0.000000000000000000e+00,0.000000000000000000e+00
4.150047397613525391e+01,1.021636321770421034e+02,7.879943622582909590e+00,0.000000000000000000e+00,0.000000000000000000e+00
4.200066661834716797e+01,1.020272659399566919e+02,7.999800872353225678e+00,0.000000000000000000e+00,0.000000000000000000e+00
4.250052118301391602e+01,1.018534369291448058e+02,8.088594935156844912e+00,5.790291000000000390e-10,0.000000000000000000e+00
4.300044631958007812e+01,1.017369158586150490e+02,8.166225024974274049e+00,0.000000000000000000e+00,0.000000000000000000e+00
4.350048756599426270e+01,1.015763894607623286e+02,8.236372009585615217e+00,0.000000000000000000e+00,0.000000000000000000e+00
4.400044512748718262e+01,1.013863654098726528e+02,8.375149464326911541e+00,0.000000000000000000e+00,0.000000000000000000e+00
4.450052809715270996e+01,1.010941485023502366e+02,8.435577009369673362e+00,0.000000000000000000e+00,0.000000000000000000e+00
4.500043463706970215e+01,1.008158496629563388e+02,8.570329731304164866e+00,0.000000000000000000e+00,0.000000000000000000e+00
4.550052523612976074e+01,1.005468803836310485e+02,8.634020360514217174e+00,2.126804000000000073e-11,0.000000000000000000e+00
4.600053405761718750e+01,1.003665848839315515e+02,8.734740434715604351e+00,0.000000000000000000e+00,0.000000000000000000e+00
4.650066351890563965e+01,9.999846923079968519e+01,8.791389197888278773e+00,0.000000000000000000e+00,0.000000000000000000e+00
4.700093245506286621e+01,9.966929394075481241e+01,8.900594298679358474e+00,0.000000000000000000e+00,0.000000000000000000e+00
4.750068259239196777e+01,9.944864114517814357e+01,8.979833106826049516e+00,0.000000000000000000e+00,0.000000000000000000e+00
4.800048613548278809e+01,9.905347318761602082e+01,9.036570662004955068e+00,0.000000000000000000e+00,0.000000000000000000e+00
4.850043392181396484e+01,9.878858418411118691e+01,9.048041657753381983e+00,0.000000000000000000e+00,0.000000000000000000e+00
4.900034022331237793e+01,9.836376380961419841e+01,9.088328660959675176e+00,1.333258999999999984e-11,0.000000000000000000e+00
4.950045776367187500e+01,9.816141818511559336e+01,9.163627014860026065e+00,2.232519000000000092e-11,0.000000000000000000e+00
5.000065851211547852e+01,9.786094187980440040e+01,9.253942503669556174e+00,3.956850000000000048e-12,0.000000000000000000e+00
5.050064063072204590e+01,9.757710660050450713e+01,9.298787712717709653e+00,0.000000000000000000e+00,0.000000000000000000e+00
5.100043344497680664e+01,9.738684612301766208e+01,9.339714276914058644e+00,3.636408000000000109e-13,0.000000000000000000e+00
5.150039696693420410e+01,9.717689072249881121e+01,9.390087304507074961e+00,4.306122999999999846e-13,0.000000000000000000e+00
5.200049257278442383e+01,9.687131343177540543e+01,9.406950663442426475e+00,4.510762000000000101e-13,0.000000000000000000e+00
5.250039887428283691e+01,9.674889883668134871e+01,9.503974595810561254e+00,0.000000000000000000e+00,0.000000000000000000e+00
5.300052022933959961e+01,9.641958191418919455e+01,9.554523897045164915e+00,0.000000000000000000e+00,0.000000000000000000e+00
5.350053596496582031e+01,9.619883417954393678e+01,9.572712703727479067e+00,3.739395999999999912e-13,0.000000000000000000e+00
5.400033426284790039e+01,9.613328253638533738e+01,9.587319931122888050e+00,1.000000000000000000e+00,0.000000000000000000e+00
5.450030374526977539e+01,9.600692196743447937e+01,9.599526024445868444e+00,0.000000000000000000e+00,0.000000000000000000e+00
5.500031280517578125e+01,9.575737996805607111e+01,9.637891202309342376e+00,0.000000000000000000e+00,0.000000000000000000e+00
5.550039124488830566e+01,9.534284699807163577e+01,9.649120034844035132e+00,0.000000000000000000e+00,0.000000000000000000e+00
5.600054216384887695e+01,9.514739722703946256e+01,9.741235239933928369e+00,1.000000000000000000e+00,0.000000000000000000e+00
5.650031542778015137e+01,9.485154335054134833e+01,9.766762279667982938e+00,6.065756999999999929e-14,0.000000000000000000e+00
5.700048303604125977e+01,9.481806654340948626e+01,9.821300482891471617e+00,0.000000000000000000e+00,0.000000000000000000e+00
5.750043034553527832e+01,9.438352642605627807e+01,9.866309879406816918e+00,0.000000000000000000e+00,0.000000000000000000e+00
5.800039935111999512e+01,9.442192542855211457e+01,9.964089696710262345e+00,0.000000000000000000e+00,0.000000000000000000e+00
5.850082969665527344e+01,9.436524506118175282e+01,9.933048450953341657e+00,0.000000000000000000e+00,0.000000000000000000e+00
5.900058364868164062e+01,9.440967106320782420e+01,9.967777447993578122e+00,0.000000000000000000e+00,0.000000000000000000e+00
5.950036334991455078e+01,9.435703071444002887e+01,9.986227179562783718e+00,0.000000000000000000e+00,0.000000000000000000e+00
6.000038409233093262e+01,9.423932484493957418e+01,1.000946065576026278e+01,0.000000000000000000e+00,0.000000000000000000e+00
6.050035667419433594e+01,9.416042424107736508e+01,1.002262126333150682e+01,1.000000000000000000e+00,0.000000000000000000e+00
6.100044226646423340e+01,9.418995557315530220e+01,1.013285593304349774e+01,1.000000000000000000e+00,0.000000000000000000e+00
6.150052785873413086e+01,9.412733102854218714e+01,1.022486105859036343e+01,1.000000000000000000e+00,0.000000000000000000e+00
6.200045943260192871e+01,9.425019251789633756e+01,1.020202048238369130e+01,1.000000000000000000e+00,0.000000000000000000e+00
6.250031328201293945e+01,9.433254903709622852e+01,1.024345449996569890e+01,1.000000000000000000e+00,0.000000000000000000e+00
6.300050520896911621e+01,9.447017425132871438e+01,1.028571468971590619e+01,1.000000000000000000e+00,0.000000000000000000e+00
6.350062108039855957e+01,9.464484717975979322e+01,1.025367814248386544e+01,1.000000000000000000e+00,0.000000000000000000e+00
6.400060486793518066e+01,9.484435393367797928e+01,1.026721541377947489e+01,1.000000000000000000e+00,0.000000000000000000e+00
6.450028371810913086e+01,9.497808731014885097e+01,1.031130172920856047e+01,1.000000000000000000e+00,0.000000000000000000e+00
6.500039911270141602e+01,9.515015146171239735e+01,1.031550128173666714e+01,1.000000000000000000e+00,0.000000000000000000e+00
6.550049328804016113e+01,9.534790950020064315e+01,1.038109727961407103e+01,1.000000000000000000e+00,0.000000000000000000e+00
6.600049066543579102e+01,9.564531065464618109e+01,1.048550781789129260e+01,1.000000000000000000e+00,0.000000000000000000e+00
6.650036048889160156e+01,9.600950458716734204e+01,1.054938402836938494e+01,1.000000000000000000e+00,0.000000000000000000e+00
6.700066614151000977e+01,9.650089104625411096e+01,1.069248358111452113e+01,1.000000000000000000e+00,0.000000000000000000e+00
6.750030732154846191e+01,9.699511721711262169e+01,1.080772532520063223e+01,1.000000000000000000e+00,0.000000000000000000e+00
6.800059270858764648e+01,9.757366689218778788e+01,1.091032656486152064e+01,1.000000000000000000e+00,0.000000000000000000e+00
6.850048160552978516e+01,9.820874030249133568e+01,1.105757924879599763e+01,1.000000000000000000e+00,0.000000000000000000e+00
6.900038266181945801e+01,9.896412269408638451e+01,1.124441901676312128e+01,1.000000000000000000e+00,0.000000000000000000e+00
6.950045585632324219e+01,9.955289064208596983e+01,1.140112941023402904e+01,1.000000000000000000e+00,0.000000000000000000e+00
7.000040030479431152e+01,1.005244935195310063e+02,1.158827243053591616e+01,1.000000000000000000e+00,0.000000000000000000e+00
7.050059843063354492e+01,1.014230383705415903e+02,1.174511027373641170e+01,1.000000000000000000e+00,0.000000000000000000e+00
7.100068449974060059e+01,1.022726109619093506e+02,1.187197102977648910e+01,1.000000000000000000e+00,0.000000000000000000e+00
7.150053811073303223e+01,1.031717764544299882e+02,1.195097189764830325e+01,1.000000000000000000e+00,0.000000000000000000e+00
7.200047421455383301e+01,1.041041850627344303e+02,1.199668469444839580e+01,1.000000000000000000e+00,0.000000000000000000e+00
7.250047540664672852e+01,1.053061371634147179e+02,1.205630246965777985e+01,1.000000000000000000e+00,0.000000000000000000e+00
7.300031089782714844e+01,1.063590897163486488e+02,1.206970314558976831e+01,1.000000000000000000e+00,0.000000000000000000e+00
7.350031352043151855e+01,1.073945848740690110e+02,1.212215089242806876e+01,1.000000000000000000e+00,0.000000000000000000e+00
7.400032424926757812e+01,1.085007979783172516e+02,1.213678179456936235e+01,1.000000000000000000e+00,0.000000000000000000e+00
7.450045871734619141e+01,1.095719947512465211e+02,1.216952831276309865e+01,0.000000000000000000e+00,0.000000000000000000e+00
7.500038862228393555e+01,1.107021393638451627e+02,1.216853982914939003e+01,0.000000000000000000e+00,0.000000000000000000e+00
7.550034260749816895e+01,1.117069579180624714e+02,1.218598984543874586e+01,0.000000000000000000e+00,0.000000000000000000e+00
7.600036001205444336e+01,1.127926078800383323e+02,1.218199087855290585e+01,0.000000000000000000e+00,0.000000000000000000e+00
7.650029754638671875e+01,1.138500207664929462e+02,1.218051691951740523e+01,0.000000000000000000e+00,0.000000000000000000e+00
7.700062131881713867e+01,1.148885057751842567e+02,1.216262620398912020e+01,0.000000000000000000e+00,0.000000000000000000e+00
7.750037956237792969e+01,1.158318830594907922e+02,1.216512313270932211e+01,0.000000000000000000e+00,0.000000000000000000e+00
7.800054049491882324e+01,1.167939277181004911e+02,1.216921013134701468e+01,0.000000000000000000e+00,0.000000000000000000e+00
7.850042200088500977e+01,1.177684854919124575e+02,1.217074309983047087e+01,0.000000000000000000e+00,0.000000000000000000e+00
7.900047969818115234e+01,1.186690110691917397e+02,1.220436943318286893e+01,0.000000000000000000e+00,0.000000000000000000e+00
7.950054407119750977e+01,1.194374913925920367e+02,1.219189453059310324e+01,0.000000000000000000e+00,0.000000000000000000e+00
8.000036072731018066e+01,1.199526191583512116e+02,1.220768140994272954e+01,0.000000000000000000e+00,0.000000000000000000e+00
8.050055432319641113e+01,1.205451795914823947e+02,1.218325166052411745e+01,0.000000000000000000e+00,0.000000000000000000e+00
8.100054645538330078e+01,1.209423847282978102e+02,1.220550780677473668e+01,0.000000000000000000e+00,0.000000000000000000e+00
8.150041842460632324e+01,1.213734792708756913e+02,1.218662116527452177e+01,0.000000000000000000e+00,0.000000000000000000e+00
8.200030899047851562e+01,1.215800305960111132e+02,1.219328031617695096e+01,0.000000000000000000e+00,0.000000000000000000e+00
8.250051164627075195e+01,1.218009060782756876e+02,1.216876850736249871e+01,0.000000000000000000e+00,0.000000000000000000e+00
8.300037288665771484e+01,1.219489633417154266e+02,1.213543505930982569e+01,0.000000000000000000e+00,0.000000000000000000e+00
8.350043606758117676e+01,1.220482090933602706e+02,1.211309098087663116e+01,0.000000000000000000e+00,0.000000000000000000e+00
8.400073409080505371e+01,1.220323155216805873e+02,1.211139280573835286e+01,0.000000000000000000e+00,0.000000000000000000e+00
8.450047397613525391e+01,1.218568217649984149e+02,1.211870747892113087e+01,0.000000000000000000e+00,0.000000000000000000e+00
8.500051712989807129e+01,1.216567647934491561e+02,1.210912121700901345e+01,0.000000000000000000e+00,0.000000000000000000e+00
8.550052189826965332e+01,1.215226625950705284e+02,1.213287755326820871e+01,0.000000000000000000e+00,0.000000000000000000e+00
8.600030589103698730e+01,1.211855112378066082e+02,1.210171701065792149e+01,0.000000000000000000e+00,0.000000000000000000e+00
8.650052928924560547e+01,1.208770919359933771e+02,1.211704811404342408e+01,0.000000000000000000e+00,0.000000000000000000e+00
8.700042748451232910e+01,1.205879323069125633e+02,1.208144659757689077e+01,0.000000000000000000e+00,0.000000000000000000e+00
8.750044989585876465e+01,1.202292628340532872e+02,1.210587700387634413e+01,0.000000000000000000e+00,0.000000000000000000e+00
8.800029969215393066e+01,1.199064195080035802e+02,1.208482462977809035e+01,0.000000000000000000e+00,0.000000000000000000e+00
8.850040578842163086e+01,1.195251711778414716e+02,1.206467636144629907e+01,0.000000000000000000e+00,0.000000000000000000e+00
8.900035595893859863e+01,1.190223528141429199e+02,1.204875731602757583e+01,0.000000000000000000e+00,0.000000000000000000e+00
8.950029635429382324e+01,1.186028835969498516e+02,1.203929308940116272e+01,0.000000000000000000e+00,0.000000000000000000e+00
9.000049519538879395e+01,1.181568649949882825e+02,1.205951134246416245e+01,0.000000000000000000e+00,0.000000000000000000e+00
9.050046038627624512e+01,1.176106298197153990e+02,1.203442884898303156e+01,0.000000000000000000e+00,0.000000000000000000e+00
9.100039935111999512e+01,1.171620574433890880e+02,1.205504081917210435e+01,0.000000000000000000e+00,0.000000000000000000e+00
9.150062847137451172e+01,1.167789503989486377e+02,1.202901561354153515e+01,0.000000000000000000e+00,0.000000000000000000e+00
9.200059127807617188e+01,1.163573060903005398e+02,1.204658570441572074e+01,0.000000000000000000e+00,0.000000000000000000e+00
9.250077319145202637e+01,1.159922494694257864e+02,1.202093472336578195e+01,0.000000000000000000e+00,0.000000000000000000e+00
9.300041866302490234e+01,1.155827047215332470e+02,1.200253372793601869e+01,0.000000000000000000e+00,0.000000000000000000e+00
9.350047969818115234e+01,1.151433386902900793e+02,1.199744224042103369e+01,0.000000000000000000e+00,0.000000000000000000e+00
9.400029397010803223e+01,1.146839828550184848e+02,1.199644586833815829e+01,0.000000000000000000e+00,0.000000000000000000e+00
9.450050997734069824e+01,1.142936474418814043e+02,1.199215479746362867e+01,0.000000000000000000e+00,0.000000000000000000e+00
9.500047111511230469e+01,1.138671578127958384e+02,1.198203533804887577e+01,0.000000000000000000e+00,0.000000000000000000e+00
9.550044274330139160e+01,1.134164332880112909e+02,1.200060445000798026e+01,0.000000000000000000e+00,0.000000000000000000e+00
9.600047230720520020e+01,1.129494636268261445e+02,1.197441650418616454e+01,0.000000000000000000e+00,0.000000000000000000e+00
9.650060486793518066e+01,1.125540245135521786e+02,1.197738807307112907e+01,0.000000000000000000e+00,0.000000000000000000e+00
9.700048995018005371e+01,1.122889537489380700e+02,1.196610046671721150e+01,0.000000000000000000e+00,0.000000000000000000e+00
9.750030851364135742e+01,1.119464315248170720e+02,1.195611760384386102e+01,0.000000000000000000e+00,0.000000000000000000e+00
9.800039315223693848e+01,1.116344120232849662e+02,1.195184244480558888e+01,0.000000000000000000e+00,0.000000000000000000e+00
9.850038719177246094e+01,1.111779991311806697e+02,1.194294028004515695e+01,0.000000000000000000e+00,0.000000000000000000e+00
9.900049614906311035e+01,1.107896364318429789e+02,1.193697298055312750e+01,0.000000000000000000e+00,0.000000000000000000e+00
9.950062155723571777e+01,1.103644691523622328e+02,1.192210672880025690e+01,0.000000000000000000e+00,0.000000000000000000e+00
1.000005021095275879e+02,1.100794710020078355e+02,1.193628734206924413e+01,0.000000000000000000e+00,0.000000000000000000e+00
1.005005452632904053e+02,1.099708510172333007e+02,1.191923057751761661e+01,0.000000000000000000e+00,0.000000000000000000e+00
1.010006909370422363e+02,1.096507808985655856e+02,1.193556602884056872e+01,0.000000000000000000e+00,0.000000000000000000e+00
1.015003800392150879e+02,1.094362314818856134e+02,1.190426092962377069e+01,0.000000000000000000e+00,0.000000000000000000e+00
1.020002996921539307e+02,1.092099947185286766e+02,1.192553157377522943e+01,0.000000000000000000e+00,0.000000000000000000e+00
1.025003540515899658e+02,1.091407636693913901e+02,1.189149819328534363e+01,0.000000000000000000e+00,0.000000000000000000e+00
1.030004968643188477e+02,1.087646767553822258e+02,1.187713463332872088e+01,0.000000000000000000e+00,0.000000000000000000e+00
1.035004932880401611e+02,1.084301581693790979e+02,1.186871307978887202e+01,0.000000000000000000e+00,0.000000000000000000e+00
1.040004882812500000e+02,1.082059236554097197e+02,1.186427786906339676e+01,0.000000000000000000e+00,0.000000000000000000e+00
1.045004081726074219e+02,1.080556147656829751e+02,1.188907050412859867e+01,0.000000000000000000e+00,0.000000000000000000e+00
1.050006427764892578e+02,1.079548597038017874e+02,1.186464105333874741e+01,0.000000000000000000e+00,0.000000000000000000e+00
1.055004556179046631e+02,1.078049015775921760e+02,1.187120463395750747e+01,0.000000000000000000e+00,0.000000000000000000e+00
1.060004379749298096e+02,1.076219616510368269e+02,1.184783539109761463e+01,0.000000000000000000e+00,0.000000000000000000e+00
1.065003981590270996e+02,1.074169133625554053e+02,1.185873283303886438e+01,0.000000000000000000e+00,0.000000000000000000e+00
1.070007228851318359e+02,1.071970453958899157e+02,1.183706203566866400e+01,0.000000000000000000e+00,0.000000000000000000e+00
1.075004646778106689e+02,1.069672435018618586e+02,1.181649922582075440e+01,0.000000000000000000e+00,0.000000000000000000e+00
1.080003976821899414e+02,1.068132026856778936e+02,1.178460624230562104e+01,0.000000000000000000e+00,0.000000000000000000e+00
1.085007998943328857e+02,1.065451060616999115e+02,1.177650724467322618e+01,0.000000000000000000e+00,0.000000000000000000e+00
1.090007257461547852e+02,1.064478155088640676e+02,1.181454332933809859e+01,0.000000000000000000e+00,0.000000000000000000e+00
1.095003709793090820e+02,1.063825997010083313e+02,1.179416141696798981e+01,0.000000000000000000e+00,0.000000000000000000e+00
1.100005295276641846e+02,1.063388842376842263e+02,1.180343814372660560e+01,0.000000000000000000e+00,0.000000000000000000e+00
1.105004668235778809e+02,1.060623209208230691e+02,1.176981469719790852e+01,0.000000000000000000e+00,0.000000000000000000e+00
1.110004632472991943e+02,1.057945149970418299e+02,1.174968948423593318e+01,0.000000000000000000e+00,0.000000000000000000e+00
1.115005078315734863e+02,1.056974193063752665e+02,1.172412627064261059e+01,0.000000000000000000e+00,0.000000000000000000e+00
1.120003869533538818e+02,1.057147541070288810e+02,1.170336755343584656e+01,0.000000000000000000e+00,0.000000000000000000e+00
1.125005552768707275e+02,1.055615339944188520e+02,1.171842814031609592e+01,0.000000000000000000e+00,0.000000000000000000e+00
1.130005590915679932e+02,1.053764074929894292e+02,1.170196453651561974e+01,0.000000000000000000e+00,0.000000000000000000e+00
1.135003137588500977e+02,1.053347334765199150e+02,1.171024460136094447e+01,0.000000000000000000e+00,0.000000000000000000e+00
1.140002741813659668e+02,1.050595385824083223e+02,1.169285576361239976e+01,0.000000000000000000e+00,0.000000000000000000e+00
1.145003244876861572e+02,1.050399099053008456e+02,1.169447918563797373e+01,0.000000000000000000e+00,0.000000000000000000e+00
1.150005495548248291e+02,1.048619124325763607e+02,1.167134581174713048e+01,0.000000000000000000e+00,0.000000000000000000e+00
1.155004169940948486e+02,1.048250171469565402e+02,1.164255953894997653e+01,0.000000000000000000e+00,0.000000000000000000e+00
1.160004570484161377e+02,1.046354455204191822e+02,1.162809333456896965e+01,0.000000000000000000e+00,0.000000000000000000e+00
1.165003681182861328e+02,1.044259518705005121e+02,1.161597979371977374e+01,0.000000000000000000e+00,0.000000000000000000e+00
1.170005187988281250e+02,1.042855240774428580e+02,1.162604499072076081e+01,0.000000000000000000e+00,0.000000000000000000e+00
1.175004630088806152e+02,1.041913925127357743e+02,1.160374379329402039e+01,0.000000000000000000e+00,0.000000000000000000e+00
1.180006992816925049e+02,1.040458742494568298e+02,1.161052405937406817e+01,0.000000000000000000e+00,0.000000000000000000e+00
1.185005629062652588e+02,1.040307504290077532e+02,1.156798411661979031e+01,0.000000000000000000e+00,0.000000000000000000e+00
1.190005271434783936e+02,1.038557726520059248e+02,1.155637143147414214e+01,0.000000000000000000e+00,0.000000000000000000e+00
1.195004987716674805e+02,1.037384815404708434e+02,1.152685471326738309e+01,0.000000000000000000e+00,0.000000000000000000e+00
1.200004246234893799e+02,1.038246989341692483e+02,1.149378955681452297e+01,0.000000000000000000e+00,0.000000000000000000e+00
1.205005207061767578e+02,1.038000721929911379e+02,1.148973463949013052e+01,0.000000000000000000e+00,0.000000000000000000e+00
1.210004003047943115e+02,1.036187244177287425e+02,1.143872502746587116e+01,0.000000000000000000e+00,0.000000000000000000e+00
1.215003979206085205e+02,1.035795833571574747e+02,8.169355510297059197e+00,0.000000000000000000e+00,1.000000000000000000e+00
1.220004830360412598e+02,1.035533463196334765e+02,5.744742549740884385e+00,0.000000000000000000e+00,1.000000000000000000e+00
1.225005254745483398e+02,1.033709191304503747e+02,3.999950806708427287e+00,0.000000000000000000e+00,1.000000000000000000e+00
1.230004510879516602e+02,1.033310545170900809e+02,2.970431486168155555e+00,0.000000000000000000e+00,4.511495999999999915e-07
1.235005049705505371e+02,1.032219124791361367e+02,2.221165188945807945e+00,1.000000000000000000e+00,7.356595999999999894e-07
1.240005474090576172e+02,1.032311723717215131e+02,1.709258369455472160e+00,3.751882000000000003e-04,3.612573000000000216e-04
1.245005402565002441e+02,1.030725394863634392e+02,1.348007119289563960e+00,2.288303999999999868e-07,2.453864000000000194e-07
1.250003786087036133e+02,1.029662046833474562e+02,1.101023847842273140e+00,0.000000000000000000e+00,0.000000000000000000e+00
1.255003168582916260e+02,1.029773463217856886e+02,9.258074422803892478e-01,0.000000000000000000e+00,2.473368000000000203e-04
1.260004842281341553e+02,1.029848147853764999e+02,8.143929780350125380e-01,0.000000000000000000e+00,1.401569000000000133e-04
1.265005412101745605e+02,1.028249810692523454e+02,7.288437076303041495e-01,0.000000000000000000e+00,0.000000000000000000e+00
1.270004479885101318e+02,1.027178413253019471e+02,6.763276335599515132e-01,0.000000000000000000e+00,0.000000000000000000e+00
1.275006377696990967e+02,1.024811834302226998e+02,6.459543402091532105e-01,0.000000000000000000e+00,0.000000000000000000e+00
1.280003404617309570e+02,1.024873868760806488e+02,6.135212702498679116e-01,0.000000000000000000e+00,0.000000000000000000e+00
1.285003182888031006e+02,1.024091251817026347e+02,5.857441285046183221e-01,0.000000000000000000e+00,0.000000000000000000e+00
1.290003163814544678e+02,1.022742448106332631e+02,5.695391954900298481e-01,0.000000000000000000e+00,0.000000000000000000e+00
1.295002942085266113e+02,1.022662517825798147e+02,5.586767040456864786e-01,0.000000000000000000e+00,0.000000000000000000e+00
1.300003988742828369e+02,1.021784739071559613e+02,5.538100001994782362e-01,0.000000000000000000e+00,0.000000000000000000e+00
1.305003557205200195e+02,1.019547946606787718e+02,5.396818294505347779e-01,0.000000000000000000e+00,0.000000000000000000e+00
1.310004386901855469e+02,1.018872779663740431e+02,5.410773549864149601e-01,0.000000000000000000e+00,0.000000000000000000e+00
1.315006039142608643e+02,1.019244401612306206e+02,5.263175982875071268e-01,0.000000000000000000e+00,0.000000000000000000e+00
1.320005459785461426e+02,1.018669307369065820e+02,5.212531213352720183e-01,0.000000000000000000e+00,0.000000000000000000e+00
1.325003898143768311e+02,1.016635410399640307e+02,5.094070212276177179e-01,0.000000000000000000e+00,0.000000000000000000e+00
1.330004889965057373e+02,1.015272048489463259e+02,5.050883387043461070e-01,0.000000000000000000e+00,0.000000000000000000e+00
1.335003259181976318e+02,1.016006559440891834e+02,4.961568014714735630e-01,0.000000000000000000e+00,0.000000000000000000e+00
1.340003061294555664e+02,1.014850517085845354e+02,4.986210927062510456e-01,0.000000000000000000e+00,0.000000000000000000e+00
1.345004236698150635e+02,1.013251398836280543e+02,4.942363187551324644e-01,0.000000000000000000e+00,0.000000000000000000e+00
1.350005898475646973e+02,1.013003677702526772e+02,4.937117917651839827e-01,0.000000000000000000e+00,0.000000000000000000e+00
1.355003120899200439e+02,1.011189225490923036e+02,4.849089111252491424e-01,0.000000000000000000e+00,0.000000000000000000e+00
1.360004730224609375e+02,1.009972961800911264e+02,4.826301266476804575e-01,0.000000000000000000e+00,0.000000000000000000e+00
1.365004456043243408e+02,1.009981875753142049e+02,4.798952907723584849e-01,0.000000000000000000e+00,0.000000000000000000e+00
1.370007538795471191e+02,1.009987850954011748e+02,4.768547545030997759e-01,0.000000000000000000e+00,0.000000000000000000e+00
1.375006294250488281e+02,1.009167656366022925e+02,4.760239430505301961e-01,0.000000000000000000e+00,0.000000000000000000e+00
1.380005249977111816e+02,1.007793663607133254e+02,4.670157867635066351e-01,0.000000000000000000e+00,0.000000000000000000e+00
1.385003230571746826e+02,1.006872648717741612e+02,4.694286857423829451e-01,0.000000000000000000e+00,0.000000000000000000e+00
1.390004594326019287e+02,1.004606874204863374e+02,4.577655367754455140e-01,0.000000000000000000e+00,0.000000000000000000e+00
1.395004825592041016e+02,1.003912280013995257e+02,4.559841319880673094e-01,0.000000000000000000e+00,0.000000000000000000e+00
1.400004937648773193e+02,1.003446679603996472e+02,4.547900206489838282e-01,0.000000000000000000e+00,0.000000000000000000e+00
1.405004084110260010e+02,1.003134578315732028e+02,4.515749089943765782e-01,0.000000000000000000e+00,0.000000000000000000e+00
1.410004577636718750e+02,1.000452770911082041e+02,4.361391916805133495e-01,0.000000000000000000e+00,0.000000000000000000e+00
1.415006005764007568e+02,9.994793015330492381e+01,4.366582425428028325e-01,0.000000000000000000e+00,0.000000000000000000e+00
1.420007543563842773e+02,9.996509653796628925e+01,4.321768889030560556e-01,0.000000000000000000e+00,0.000000000000000000e+00
1.425006017684936523e+02,9.981176353274058499e+01,4.303802686843718472e-01,0.000000000000000000e+00,0.000000000000000000e+00
1.430005049705505371e+02,9.979140133410999169e+01,4.183100365339634807e-01,0.000000000000000000e+00,0.000000000000000000e+00
1.435008065700531006e+02,9.969533215569545348e+01,4.198777186065394407e-01,0.000000000000000000e+00,0.000000000000000000e+00
1.440006127357482910e+02,9.971335504808911310e+01,4.209285673255978022e-01,0.000000000000000000e+00,0.000000000000000000e+00
1.445003705024719238e+02,9.964301616565703057e+01,4.228402932467463238e-01,0.000000000000000000e+00,0.000000000000000000e+00
1.450003750324249268e+02,9.967828659123816237e+01,4.168778027297454503e-01,0.000000000000000000e+00,0.000000000000000000e+00
1.455003798007965088e+02,9.945466909906411956e+01,4.104663838930765474e-01,0.000000000000000000e+00,0.000000000000000000e+00
1.460005185604095459e+02,9.938719379990672564e+01,4.061686813233269522e-01,0.000000000000000000e+00,0.000000000000000000e+00
1.465006079673767090e+02,9.942438374276036939e+01,4.032878451389249053e-01,0.000000000000000000e+00,0.000000000000000000e+00
1.470006120204925537e+02,9.928447292998390594e+01,3.953201580981109409e-01,0.000000000000000000e+00,0.000000000000000000e+00
1.475005247592926025e+02,9.910826791903161848e+01,3.948085415917664820e-01,0.000000000000000000e+00,0.000000000000000000e+00
1.480006153583526611e+02,9.890773417948727797e+01,3.871462052937413301e-01,0.000000000000000000e+00,0.000000000000000000e+00
1.485005781650543213e+02,9.893815237094639770e+01,3.857074142934096561e-01,0.000000000000000000e+00,0.000000000000000000e+00
1.490004582405090332e+02,9.895854229444559280e+01,3.810455372241305927e-01,0.000000000000000000e+00,0.000000000000000000e+00
1.495004980564117432e+02,9.888979008041314955e+01,3.840326561109658199e-01,0.000000000000000000e+00,0.000000000000000000e+00
1.500007264614105225e+02,9.876128410464677643e+01,3.884496236995289564e-01,0.000000000000000000e+00,0.000000000000000000e+00
1.505005819797515869e+02,9.875756396154631034e+01,3.914104056168324908e-01,0.000000000000000000e+00,0.000000000000000000e+00
1.510004832744598389e+02,9.891991025203412846e+01,3.897731142097022317e-01,0.000000000000000000e+00,0.000000000000000000e+00
1.515003008842468262e+02,9.878147425947435067e+01,3.837708573791869249e-01,0.000000000000000000e+00,0.000000000000000000e+00
1.520003974437713623e+02,9.860625785007761124e+01,3.797474243042381348e-01,0.000000000000000000e+00,0.000000000000000000e+00
1.525004458427429199e+02,9.840638678997349587e+01,3.770504364602171865e-01,0.000000000000000000e+00,0.000000000000000000e+00
1.530004012584686279e+02,9.835482920025441445e+01,3.765253761453308812e-01,0.000000000000000000e+00,0.000000000000000000e+00
1.535004789829254150e+02,9.840268910283151627e+01,3.712686371437753929e-01,0.000000000000000000e+00,0.000000000000000000e+00
1.540004875659942627e+02,9.851719054342134996e+01,3.762716830396033996e-01,0.000000000000000000e+00,0.000000000000000000e+00
1.545005152225494385e+02,9.851152316585758228e+01,3.747205774156991964e-01,0.000000000000000000e+00,0.000000000000000000e+00
1.550003957748413086e+02,9.842530422057703277e+01,3.736808402224776060e-01,0.000000000000000000e+00,0.000000000000000000e+00
1.555004899501800537e+02,9.844992992169852641e+01,3.729838835392523810e-01,0.000000000000000000e+00,0.000000000000000000e+00
1.560005080699920654e+02,9.821917705733467585e+01,3.725166995032680450e-01,0.000000000000000000e+00,0.000000000000000000e+00
1.565006453990936279e+02,9.798207879818033916e+01,3.722035366787598276e-01,0.000000000000000000e+00,0.000000000000000000e+00
1.570007264614105225e+02,9.790556707068013509e+01,3.719936173598188400e-01,0.000000000000000000e+00,0.000000000000000000e+00
1.575007159709930420e+02,9.760701976050667383e+01,3.658162664672227615e-01,0.000000000000000000e+00,0.000000000000000000e+00
1.580006422996520996e+02,9.773657746777173827e+01,3.592608224136936701e-01,0.000000000000000000e+00,0.000000000000000000e+00
1.585004284381866455e+02,9.782342259606993196e+01,3.584885397321866396e-01,0.000000000000000000e+00,0.000000000000000000e+00
1.590003921985626221e+02,9.779921663797765063e+01,3.628001799752132994e-01,0.000000000000000000e+00,0.000000000000000000e+00
1.595004589557647705e+02,9.770057091054380294e+01,3.644830379019950994e-01,0.000000000000000000e+00,0.000000000000000000e+00
1.600004572868347168e+02,9.755202671349803722e+01,3.668184122643598499e-01,0.000000000000000000e+00,0.000000000000000000e+00
1.605003006458282471e+02,9.761729453747817331e+01,3.647618646682165844e-01,0.000000000000000000e+00,0.000000000000000000e+00
1.610004045963287354e+02,9.757862487976208854e+01,3.609686776700695710e-01,0.000000000000000000e+00,0.000000000000000000e+00
1.615003850460052490e+02,9.755270383302166692e+01,3.632553451924968035e-01,1.377238999999999942e-08,0.000000000000000000e+00
1.620004186630249023e+02,9.737048845879516534e+01,3.551295436280999529e-01,2.811745000000000075e-08,0.000000000000000000e+00
1.625004673004150391e+02,9.749560580622851091e+01,3.436460181843171702e-01,2.716701000000000088e-08,0.000000000000000000e+00
1.630004560947418213e+02,9.724979451835552879e+01,3.492289444017263600e-01,2.578600000000000008e-08,0.000000000000000000e+00
1.635006325244903564e+02,9.733228225002571321e+01,3.541786456882020095e-01,1.317529000000000031e-08,0.000000000000000000e+00
1.640003299713134766e+02,9.730515544162514630e+01,3.514598919173551606e-01,3.425111999999999866e-08,0.000000000000000000e+00
1.645003473758697510e+02,9.728697179816927587e+01,3.484301358051086761e-01,3.946734999999999772e-08,0.000000000000000000e+00
1.650005109310150146e+02,9.727478293745085125e+01,3.524358343455352705e-01,2.782697999999999855e-08,0.000000000000000000e+00
1.655004777908325195e+02,9.726661249977294688e+01,3.466696876596687127e-01,2.758644000000000095e-08,0.000000000000000000e+00
1.660005645751953125e+02,9.717871570312148322e+01,3.488411287448148768e-01,2.781624999999999935e-08,0.000000000000000000e+00
1.665005729198455811e+02,9.703737672985259621e+01,3.442600844359092749e-01,2.793767999999999901e-08,0.000000000000000000e+00
1.670005118846893311e+02,9.686021439429327984e+01,3.375673557256336776e-01,2.807511000000000026e-08,0.000000000000000000e+00
1.675005154609680176e+02,9.690629890634755839e+01,3.342884064678706135e-01,2.803603999999999989e-08,0.000000000000000000e+00
1.680003740787506104e+02,9.685477029009821592e+01,3.357124239286969902e-01,3.001727999999999997e-08,0.000000000000000000e+00
1.685006113052368164e+02,9.690264961417290124e+01,3.402889342568323761e-01,3.163578999999999876e-08,0.000000000000000000e+00
1.690004796981811523e+02,9.685232409639969831e+01,3.397346979924319443e-01,2.935798000000000081e-08,0.000000000000000000e+00
1.695005164146423340e+02,9.690100988150030048e+01,3.393631823141644577e-01,3.098359999999999959e-08,0.000000000000000000e+00
1.700004076957702637e+02,9.668638497373693497e+01,3.342848640699536689e-01,2.972406000000000127e-08,0.000000000000000000e+00
1.705004608631134033e+02,9.662493758417568301e+01,3.320880865101235591e-01,2.844471000000000113e-08,0.000000000000000000e+00
1.710005102157592773e+02,9.641890819019403125e+01,3.149203040667298836e-01,2.673207999999999978e-08,0.000000000000000000e+00
1.715006113052368164e+02,9.652806252280883825e+01,3.154856379110686504e-01,2.071512999999999896e-08,0.000000000000000000e+00
1.720006859302520752e+02,9.660123086007219229e+01,3.170719134790442317e-01,1.827493000000000071e-08,0.000000000000000000e+00
1.725004222393035889e+02,9.656785707478383074e+01,3.145132629125561019e-01,1.365558000000000011e-08,0.000000000000000000e+00
1.730003919601440430e+02,9.646306596900184616e+01,3.164201110252773952e-01,1.918247999999999847e-09,0.000000000000000000e+00
1.735005409717559814e+02,9.639282239014994502e+01,3.104543837835023190e-01,1.306750999999999927e-08,0.000000000000000000e+00
1.740005187988281250e+02,9.634573671114023341e+01,3.004187994590998279e-01,1.352828000000000035e-08,0.000000000000000000e+00
1.745005729198455811e+02,9.639659422510990794e+01,3.009357048372445220e-01,1.751147000000000136e-08,0.000000000000000000e+00
1.750005345344543457e+02,9.643068503621532273e+01,3.000748759147056077e-01,1.762485999999999904e-08,0.000000000000000000e+00
1.755004835128784180e+02,9.628869681330272101e+01,2.958758821534818728e-01,1.779087999999999844e-08,0.000000000000000000e+00
1.760003523826599121e+02,9.635835923816560467e+01,2.882318956565080859e-01,1.781656999999999858e-08,0.000000000000000000e+00
1.765005049705505371e+02,9.624021538102445561e+01,2.855226201947865805e-01,1.807462999999999924e-08,0.000000000000000000e+00
1.770003890991210938e+02,9.632586116224896955e+01,2.849138595019750642e-01,2.054738000000000065e-08,0.000000000000000000e+00
1.775004167556762695e+02,9.630085125777104338e+01,2.869204698931661079e-01,1.604653000000000042e-08,0.000000000000000000e+00
1.780005404949188232e+02,9.620166662895897502e+01,2.846435452167308533e-01,9.883153999999999349e-09,0.000000000000000000e+00
1.785005521774291992e+02,9.630002116098981446e+01,2.794953140845644612e-01,2.688073999999999831e-09,0.000000000000000000e+00
1.790005888938903809e+02,9.644837016391963402e+01,2.869102731577599652e-01,1.342378999999999961e-09,0.000000000000000000e+00
1.795007338523864746e+02,9.613571153193743157e+01,2.834293891811711097e-01,3.575628000000000176e-09,0.000000000000000000e+00
1.800005557537078857e+02,9.609097016033587124e+01,2.798887619143264338e-01,1.364423000000000056e-09,0.000000000000000000e+00
