2.501945495605468750e-01,7.975000000000000000e+01,7.261826000000000114e+00,1.000000000000000000e+00,0.000000000000000000e+00
5.003461837768554688e-01,7.975000000000000000e+01,7.257179162855154075e+00,1.000000000000000000e+00,0.000000000000000000e+00
7.502524852752685547e-01,7.984063462346101403e+01,7.252710846397894429e+00,1.000000000000000000e+00,0.000000000000000000e+00
1.000223398208618164e+00,7.982420535352117952e+01,7.271622513503359642e+00,1.000000000000000000e+00,0.000000000000000000e+00
1.250227451324462891e+00,7.985607151670130577e+01,7.259889224606224545e+00,1.000000000000000000e+00,0.000000000000000000e+00
1.500247955322265625e+00,7.983684401274898335e+01,7.238997721915014338e+00,1.000000000000000000e+00,0.000000000000000000e+00
1.750195741653442383e+00,7.982110186395829032e+01,7.232514496437857154e+00,1.000000000000000000e+00,0.000000000000000000e+00
2.000165224075317383e+00,7.985353059435432499e+01,7.239155386579176010e+00,1.000000000000000000e+00,0.000000000000000000e+00
2.250199079513549805e+00,7.983476368148232893e+01,7.212728798072486569e+00,1.000000000000000000e+00,0.000000000000000000e+00
2.500243663787841797e+00,7.986471594450418365e+01,7.190428548111647444e+00,1.000000000000000000e+00,0.000000000000000000e+00
2.750213623046875000e+00,7.993455609509497606e+01,7.164204770611394935e+00,1.000000000000000000e+00,0.000000000000000000e+00
3.000198602676391602e+00,7.994641906245274754e+01,7.144062173474519994e+00,1.000000000000000000e+00,0.000000000000000000e+00
3.250205039978027344e+00,8.000144895038182824e+01,7.150804814206683346e+00,1.000000000000000000e+00,0.000000000000000000e+00
3.500199317932128906e+00,8.009182092369829320e+01,7.123797724055633829e+00,1.000000000000000000e+00,0.000000000000000000e+00
3.750154495239257812e+00,8.007517661400781606e+01,7.108324449889351193e+00,1.000000000000000000e+00,0.000000000000000000e+00
4.000166416168212891e+00,8.010686671753097698e+01,7.106277294732757710e+00,1.000000000000000000e+00,0.000000000000000000e+00
4.250191688537597656e+00,8.022344700331461809e+01,7.095307551560040338e+00,1.000000000000000000e+00,0.000000000000000000e+00
4.500166893005371094e+00,8.031889486848830018e+01,7.091636930598243183e+00,1.000000000000000000e+00,0.000000000000000000e+00
4.750205278396606445e+00,8.048767559448265274e+01,7.089295488316155414e+00,1.000000000000000000e+00,0.000000000000000000e+00
5.000184059143066406e+00,8.053522694192004394e+01,7.090033890711413989e+00,1.000000000000000000e+00,0.000000000000000000e+00
5.250176668167114258e+00,8.071011062760884158e+01,7.107897813536991904e+00,1.000000000000000000e+00,0.000000000000000000e+00
5.500217914581298828e+00,8.085329327929389365e+01,7.101281157285853851e+00,1.000000000000000000e+00,0.000000000000000000e+00
5.750204324722290039e+00,8.101583863126620599e+01,7.090553252203426027e+00,1.000000000000000000e+00,0.000000000000000000e+00
6.000151395797729492e+00,8.128487144488734373e+01,7.091727468668262091e+00,1.000000000000000000e+00,0.000000000000000000e+00
6.250129699707031250e+00,8.150513688298606496e+01,7.094680259745478779e+00,1.000000000000000000e+00,0.000000000000000000e+00
6.500219345092773438e+00,8.177610959445867422e+01,7.107055282879731095e+00,1.000000000000000000e+00,0.000000000000000000e+00
6.750133037567138672e+00,8.208859791004724116e+01,7.132455041019542641e+00,1.000000000000000000e+00,0.000000000000000000e+00
7.000251770019531250e+00,8.238975901572763405e+01,7.157233633291966157e+00,1.000000000000000000e+00,0.000000000000000000e+00
7.250239372253417969e+00,8.263632887457914933e+01,7.178184436785608469e+00,1.000000000000000000e+00,0.000000000000000000e+00
7.500121831893920898e+00,8.301947244772500767e+01,7.194673695925319024e+00,1.000000000000000000e+00,0.000000000000000000e+00
7.750224113464355469e+00,8.333316387390370039e+01,7.222778097625990767e+00,1.000000000000000000e+00,0.000000000000000000e+00
8.000188589096069336e+00,8.363531000322359432e+01,7.238485966521428061e+00,9.760839000000000043e-01,0.000000000000000000e+00
8.250231504440307617e+00,8.406395557814327901e+01,7.252010289833668466e+00,9.415217999999999643e-01,0.000000000000000000e+00
8.500241518020629883e+00,8.441490089250082463e+01,7.270385138317728924e+00,9.086931000000000314e-01,0.000000000000000000e+00
8.750242710113525391e+00,8.488349986093598432e+01,7.281446343961407663e+00,8.633106000000000391e-01,0.000000000000000000e+00
9.000219345092773438e+00,8.531247355898497631e+01,7.323029990663433964e+00,8.246440999999999910e-01,0.000000000000000000e+00
9.250313520431518555e+00,8.579963945303077821e+01,7.359731032972426590e+00,7.748597000000000401e-01,0.000000000000000000e+00
9.500223398208618164e+00,8.624381446406731300e+01,7.386460265069673348e+00,7.280571000000000126e-01,0.000000000000000000e+00
9.750093698501586914e+00,8.674342614054319256e+01,7.455476126286042060e+00,6.757657999999999721e-01,0.000000000000000000e+00
1.000018811225891113e+01,8.719779089640135794e+01,7.504015475988810024e+00,6.272885999999999740e-01,0.000000000000000000e+00
1.025031471252441406e+01,8.766042791859820227e+01,7.526496582979192773e+00,5.736259000000000219e-01,0.000000000000000000e+00
1.050020146369934082e+01,8.808452038791369887e+01,7.562162107981135861e+00,5.240259000000000444e-01,0.000000000000000000e+00
1.075027465820312500e+01,8.874895911680459903e+01,7.621276346328956564e+00,4.739759000000000055e-01,0.000000000000000000e+00
1.100018382072448730e+01,8.933827284941412472e+01,7.666978248622640102e+00,4.277113000000000165e-01,0.000000000000000000e+00
1.125020861625671387e+01,8.982076212551271510e+01,7.704395801504643870e+00,3.577331999999999734e-01,0.000000000000000000e+00
1.150029826164245605e+01,9.044237749253748859e+01,7.752995572739515673e+00,2.932647999999999922e-01,0.000000000000000000e+00
1.175024771690368652e+01,9.104194773356752535e+01,7.816019523227796029e+00,2.401049000000000100e-01,0.000000000000000000e+00
1.200021314620971680e+01,9.162346895199021901e+01,7.871602198835633502e+00,1.739227000000000134e-01,0.000000000000000000e+00
1.225014853477478027e+01,9.219021288054125307e+01,7.948309326205097669e+00,1.087854999999999933e-01,0.000000000000000000e+00
1.250016736984252930e+01,9.279017549915772634e+01,7.997171480197456717e+00,4.563690000000000108e-02,0.000000000000000000e+00
1.275019264221191406e+01,9.341733528090776417e+01,8.071695531023992842e+00,0.000000000000000000e+00,0.000000000000000000e+00
1.300025868415832520e+01,9.397612759305069119e+01,8.176523258991430509e+00,0.000000000000000000e+00,0.000000000000000000e+00
1.325021195411682129e+01,9.456957997877717048e+01,8.268987204745194219e+00,0.000000000000000000e+00,0.000000000000000000e+00
1.350020051002502441e+01,9.519140963265044775e+01,8.334732798412815669e+00,0.000000000000000000e+00,0.000000000000000000e+00
1.375018692016601562e+01,9.579115531691334695e+01,8.425112775123457354e+00,0.000000000000000000e+00,0.000000000000000000e+00
1.400020623207092285e+01,9.641813748783670235e+01,8.544913842446668184e+00,0.000000000000000000e+00,0.000000000000000000e+00
1.425023937225341797e+01,9.702210169626424374e+01,8.628394341098980291e+00,0.000000000000000000e+00,0.000000000000000000e+00
1.450023508071899414e+01,9.760722039092328828e+01,8.717321165153983031e+00,0.000000000000000000e+00,0.000000000000000000e+00
1.475024628639221191e+01,9.813159237217199404e+01,8.839915339602473665e+00,0.000000000000000000e+00,0.000000000000000000e+00
1.500010347366333008e+01,9.874218108619476197e+01,8.954891098519180304e+00,0.000000000000000000e+00,0.000000000000000000e+00
1.525013542175292969e+01,9.933272346730853997e+01,9.067612455512906067e+00,0.000000000000000000e+00,0.000000000000000000e+00
1.550015187263488770e+01,9.981621867572229689e+01,9.184462517431789763e+00,0.000000000000000000e+00,0.000000000000000000e+00
1.575018405914306641e+01,1.004386576304690095e+02,9.320002515099824691e+00,0.000000000000000000e+00,0.000000000000000000e+00
1.600025987625122070e+01,1.009482675446338646e+02,9.457525598751900020e+00,0.000000000000000000e+00,0.000000000000000000e+00
1.625014972686767578e+01,1.015467701003560705e+02,9.609950268222146263e+00,0.000000000000000000e+00,0.000000000000000000e+00
1.650018072128295898e+01,1.020820998602521144e+02,9.735408478088917406e+00,0.000000000000000000e+00,0.000000000000000000e+00
1.675017881393432617e+01,1.026110254211778710e+02,9.843436161667769468e+00,0.000000000000000000e+00,0.000000000000000000e+00
1.700023937225341797e+01,1.031347076674578176e+02,9.982332605200889830e+00,0.000000000000000000e+00,0.000000000000000000e+00
1.725021266937255859e+01,1.036540970507891615e+02,1.014919953821214982e+01,0.000000000000000000e+00,0.000000000000000000e+00
1.750031566619873047e+01,1.041246544234752491e+02,1.024930737622523935e+01,0.000000000000000000e+00,0.000000000000000000e+00
1.775024604797363281e+01,1.046005488390419345e+02,1.038503863854518272e+01,0.000000000000000000e+00,0.000000000000000000e+00
1.800013399124145508e+01,1.050354955440149638e+02,1.049417566082941100e+01,0.000000000000000000e+00,0.000000000000000000e+00
1.825017786026000977e+01,1.054369170990568279e+02,1.066119611880907492e+01,0.000000000000000000e+00,0.000000000000000000e+00
1.850020217895507812e+01,1.058108905828484865e+02,1.078134570459448227e+01,0.000000000000000000e+00,0.000000000000000000e+00
1.875020861625671387e+01,1.060717568631339276e+02,1.090294914482457322e+01,0.000000000000000000e+00,0.000000000000000000e+00
1.900026988983154297e+01,1.063306534209751817e+02,1.103370968380124495e+01,0.000000000000000000e+00,0.000000000000000000e+00
1.925023555755615234e+01,1.066785719299373625e+02,1.117134566761377457e+01,0.000000000000000000e+00,0.000000000000000000e+00
1.950022029876708984e+01,1.069634235127897313e+02,1.130527542333802771e+01,0.000000000000000000e+00,0.000000000000000000e+00
1.975015759468078613e+01,1.072419575754644256e+02,1.141957376390030632e+01,0.000000000000000000e+00,0.000000000000000000e+00
2.000016689300537109e+01,1.074246846666254243e+02,1.152775819356893017e+01,0.000000000000000000e+00,0.000000000000000000e+00
2.025027751922607422e+01,1.075742889555794193e+02,1.162628923287626215e+01,0.000000000000000000e+00,0.000000000000000000e+00
2.050026035308837891e+01,1.078327265229299456e+02,1.172089922997821354e+01,0.000000000000000000e+00,0.000000000000000000e+00
2.075023841857910156e+01,1.080443173070704717e+02,1.177778165924361176e+01,0.000000000000000000e+00,0.000000000000000000e+00
2.100015234947204590e+01,1.082175531891142128e+02,1.182899898419158724e+01,0.000000000000000000e+00,0.000000000000000000e+00
2.125014352798461914e+01,1.083593867332800045e+02,1.188288145197398293e+01,0.000000000000000000e+00,0.000000000000000000e+00
2.150023245811462402e+01,1.084301929059760852e+02,1.193097917075404091e+01,0.000000000000000000e+00,0.000000000000000000e+00
2.175026297569274902e+01,1.085334814088006254e+02,1.194845186378164392e+01,0.000000000000000000e+00,0.000000000000000000e+00
2.200026655197143555e+01,1.086180468825024548e+02,1.196607633481357702e+01,0.000000000000000000e+00,0.000000000000000000e+00
2.225022721290588379e+01,1.086419659247402478e+02,1.197718699134301090e+01,0.000000000000000000e+00,0.000000000000000000e+00
2.250017571449279785e+01,1.087521838036655026e+02,1.200420753066619461e+01,0.000000000000000000e+00,0.000000000000000000e+00
2.275023078918457031e+01,1.087517879472196398e+02,1.200376024324057589e+01,0.000000000000000000e+00,0.000000000000000000e+00
2.300021266937255859e+01,1.087514638473735999e+02,1.200870522420457220e+01,0.000000000000000000e+00,0.000000000000000000e+00
2.325020074844360352e+01,1.087058811851320854e+02,1.200346015790348986e+01,0.000000000000000000e+00,0.000000000000000000e+00
2.350022768974304199e+01,1.087138785694782825e+02,1.201177857502169388e+01,0.000000000000000000e+00,0.000000000000000000e+00
2.375009489059448242e+01,1.086297916505256893e+02,1.200929544464360710e+01,0.000000000000000000e+00,0.000000000000000000e+00
2.400021338462829590e+01,1.085609471040476279e+02,1.200460683497175651e+01,0.000000000000000000e+00,0.000000000000000000e+00
2.425025010108947754e+01,1.085045819566643246e+02,1.199877597702056065e+01,0.000000000000000000e+00,0.000000000000000000e+00
2.450019431114196777e+01,1.084131167653693524e+02,1.201391812645841028e+01,0.000000000000000000e+00,0.000000000000000000e+00
2.475022482872009277e+01,1.083382314004199856e+02,1.200839156673523078e+01,0.000000000000000000e+00,0.000000000000000000e+00
2.500022387504577637e+01,1.081862858257194659e+02,1.200121120786373297e+01,0.000000000000000000e+00,0.000000000000000000e+00
2.525020384788513184e+01,1.080165659991875344e+02,1.199998017072858225e+01,0.000000000000000000e+00,0.000000000000000000e+00
2.550020790100097656e+01,1.077869765343377679e+02,1.200361821356646530e+01,0.000000000000000000e+00,0.000000000000000000e+00
2.575037002563476562e+01,1.076443218906130710e+02,1.201522701996481324e+01,0.000000000000000000e+00,0.000000000000000000e+00
2.600018596649169922e+01,1.075275261467262737e+02,1.200680760363401944e+01,0.000000000000000000e+00,0.000000000000000000e+00
2.625020217895507812e+01,1.072959499441860203e+02,1.199991436856103100e+01,0.000000000000000000e+00,0.000000000000000000e+00
2.650014853477478027e+01,1.071969860089462969e+02,1.200422778475200580e+01,0.000000000000000000e+00,0.000000000000000000e+00
2.675020861625671387e+01,1.070253265682589188e+02,1.201107835114952493e+01,0.000000000000000000e+00,0.000000000000000000e+00
2.700020217895507812e+01,1.068847837051119996e+02,1.200009192097946453e+01,0.000000000000000000e+00,0.000000000000000000e+00
2.725025558471679688e+01,1.066790823174669640e+02,1.199109699273269314e+01,0.000000000000000000e+00,0.000000000000000000e+00
2.750022649765014648e+01,1.064653509537206588e+02,1.198107697388792303e+01,0.000000000000000000e+00,0.000000000000000000e+00
2.775026082992553711e+01,1.062903625133242684e+02,1.198415909962665360e+01,0.000000000000000000e+00,0.000000000000000000e+00
2.800025010108947754e+01,1.060564594722775809e+02,1.197473326199670574e+01,0.000000000000000000e+00,0.000000000000000000e+00
2.825026416778564453e+01,1.057743212358731739e+02,1.197033507876669134e+01,0.000000000000000000e+00,0.000000000000000000e+00
2.850024557113647461e+01,1.056339606085707175e+02,1.196142296196379107e+01,0.000000000000000000e+00,0.000000000000000000e+00
2.875021719932556152e+01,1.054737257347463810e+02,1.196740431019927087e+01,0.000000000000000000e+00,0.000000000000000000e+00
2.900014877319335938e+01,1.052519018923698155e+02,1.195437752080887961e+01,0.000000000000000000e+00,0.000000000000000000e+00
2.925021386146545410e+01,1.051156052025806957e+02,1.194703112763223629e+01,0.000000000000000000e+00,0.000000000000000000e+00
2.950023698806762695e+01,1.049133802876466177e+02,1.194101640961431698e+01,0.000000000000000000e+00,0.000000000000000000e+00
2.975022864341735840e+01,1.046118605955599890e+02,1.195733491804874582e+01,0.000000000000000000e+00,0.000000000000000000e+00
3.000011634826660156e+01,1.044103144627205637e+02,1.196803978828096682e+01,0.000000000000000000e+00,0.000000000000000000e+00
3.025020170211791992e+01,1.041999851338704843e+02,1.195688814258847543e+01,0.000000000000000000e+00,0.000000000000000000e+00
3.050019025802612305e+01,1.040277820440666687e+02,1.194178512562652195e+01,0.000000000000000000e+00,0.000000000000000000e+00
3.075017714500427246e+01,1.038414767669387402e+02,1.193074671206298021e+01,0.000000000000000000e+00,0.000000000000000000e+00
3.100026082992553711e+01,1.035983082836323774e+02,1.194228872101637151e+01,0.000000000000000000e+00,0.000000000000000000e+00
3.125025439262390137e+01,1.034445360799006295e+02,1.193447806100689945e+01,0.000000000000000000e+00,0.000000000000000000e+00
3.150020480155944824e+01,1.032280034242758688e+02,1.192941012434278036e+01,0.000000000000000000e+00,0.000000000000000000e+00
3.175021266937255859e+01,1.030507214800702229e+02,1.192194180883006993e+01,0.000000000000000000e+00,0.000000000000000000e+00
3.200027418136596680e+01,1.028602579886531032e+02,1.193640676684918134e+01,0.000000000000000000e+00,0.000000000000000000e+00
3.225018095970153809e+01,1.027043196708913086e+02,1.192368768986347760e+01,0.000000000000000000e+00,0.000000000000000000e+00
3.250011873245239258e+01,1.025313308628259819e+02,1.191327419038451652e+01,0.000000000000000000e+00,0.000000000000000000e+00
3.275021219253540039e+01,1.023896996057245872e+02,1.191204986337994853e+01,0.000000000000000000e+00,0.000000000000000000e+00
3.300031352043151855e+01,1.022284244282080863e+02,1.192432544154652163e+01,0.000000000000000000e+00,0.000000000000000000e+00
3.325020766258239746e+01,1.020510661689366998e+02,1.191445978274398598e+01,0.000000000000000000e+00,0.000000000000000000e+00
3.350018692016601562e+01,1.018152228842978388e+02,1.191103020797405421e+01,0.000000000000000000e+00,0.000000000000000000e+00
3.375019907951354980e+01,1.015768134225265698e+02,1.189693648632656675e+01,0.000000000000000000e+00,0.000000000000000000e+00
3.400027203559875488e+01,1.014269375760801495e+02,1.190796735692270758e+01,0.000000000000000000e+00,0.000000000000000000e+00
3.425024437904357910e+01,1.011682776762593789e+02,1.191766392804919761e+01,0.000000000000000000e+00,0.000000000000000000e+00
3.450017952919006348e+01,1.010018221734185460e+02,1.190834235133794650e+01,0.000000000000000000e+00,0.000000000000000000e+00
3.475023150444030762e+01,1.008202226224931906e+02,1.190535823330835186e+01,0.000000000000000000e+00,0.000000000000000000e+00
3.500021147727966309e+01,1.006715414854054416e+02,1.190556882588164456e+01,0.000000000000000000e+00,0.000000000000000000e+00
3.525023245811462402e+01,1.005498116660691039e+02,1.191171587887632022e+01,0.000000000000000000e+00,0.000000000000000000e+00
3.550029730796813965e+01,1.003595130959508168e+02,1.190214560967182322e+01,0.000000000000000000e+00,0.000000000000000000e+00
3.575016283988952637e+01,1.002490271160586985e+02,1.189099109604772408e+01,0.000000000000000000e+00,0.000000000000000000e+00
3.600025558471679688e+01,1.001132515348065652e+02,1.188451414717545518e+01,0.000000000000000000e+00,0.000000000000000000e+00
3.625010442733764648e+01,9.991145326745738942e+01,1.189115872601224488e+01,0.000000000000000000e+00,0.000000000000000000e+00
3.650020551681518555e+01,9.983686944352179182e+01,1.188199579651513815e+01,0.000000000000000000e+00,0.000000000000000000e+00
3.675016069412231445e+01,9.968517074972254477e+01,1.187183822988016502e+01,0.000000000000000000e+00,0.000000000000000000e+00
3.700022697448730469e+01,9.956097036390734445e+01,1.186484880858714064e+01,0.000000000000000000e+00,0.000000000000000000e+00
3.725020313262939453e+01,9.941396637676578507e+01,1.188036929747511472e+01,0.000000000000000000e+00,0.000000000000000000e+00
3.750022888183593750e+01,9.924829237993739639e+01,1.189174950814303600e+01,0.000000000000000000e+00,0.000000000000000000e+00
3.775022673606872559e+01,9.911264998374866764e+01,1.187650485363543673e+01,0.000000000000000000e+00,0.000000000000000000e+00
3.800024151802062988e+01,9.895627807083725713e+01,1.186999822054856324e+01,0.000000000000000000e+00,0.000000000000000000e+00
3.825014710426330566e+01,9.878293426508854225e+01,1.188192968494079160e+01,0.000000000000000000e+00,0.000000000000000000e+00
3.850018715858459473e+01,9.868632967219700447e+01,1.189169834176796314e+01,0.000000000000000000e+00,0.000000000000000000e+00
3.875013780593872070e+01,9.851660189764712072e+01,1.187978200206178236e+01,0.000000000000000000e+00,0.000000000000000000e+00
3.900018525123596191e+01,9.837764054897164101e+01,1.186338764845792326e+01,0.000000000000000000e+00,0.000000000000000000e+00
3.925015830993652344e+01,9.830918593105234038e+01,1.185527446322795520e+01,0.000000000000000000e+00,0.000000000000000000e+00
3.950020933151245117e+01,9.816250540671059355e+01,1.186721929755414529e+01,0.000000000000000000e+00,0.000000000000000000e+00
3.975016498565673828e+01,9.808773086228490001e+01,1.185907681031424055e+01,0.000000000000000000e+00,0.000000000000000000e+00
4.000021266937255859e+01,9.798119333148568444e+01,1.184909126569324300e+01,0.000000000000000000e+00,0.000000000000000000e+00
4.025023818016052246e+01,9.780333315520238102e+01,1.183958708964586037e+01,0.000000000000000000e+00,0.000000000000000000e+00
4.050023674964904785e+01,9.770303087086186622e+01,1.185171996790005622e+01,0.000000000000000000e+00,0.000000000000000000e+00
4.075014042854309082e+01,9.762091030606831055e+01,1.184240273442699731e+01,0.000000000000000000e+00,0.000000000000000000e+00
4.100012898445129395e+01,9.755367567421168928e+01,1.183145538893785442e+01,0.000000000000000000e+00,0.000000000000000000e+00
4.125019454956054688e+01,9.740799398997778269e+01,1.181983686605391703e+01,0.000000000000000000e+00,0.000000000000000000e+00
4.150021433830261230e+01,9.728871991493529947e+01,1.181165312764343511e+01,0.000000000000000000e+00,0.000000000000000000e+00
4.175022673606872559e+01,9.710043193819208796e+01,1.183017827773329600e+01,0.000000000000000000e+00,0.000000000000000000e+00
4.200014781951904297e+01,9.699159209292808725e+01,1.182211210843925464e+01,0.000000000000000000e+00,0.000000000000000000e+00
4.225016999244689941e+01,9.685716425271968433e+01,1.181285249311128283e+01,0.000000000000000000e+00,0.000000000000000000e+00
4.250019454956054688e+01,9.670178673414071113e+01,1.181854752092516847e+01,0.000000000000000000e+00,0.000000000000000000e+00
4.275020337104797363e+01,9.666520900480416856e+01,1.182453710622349874e+01,0.000000000000000000e+00,0.000000000000000000e+00
4.300024080276489258e+01,9.658994438118807579e+01,1.181550135881712293e+01,0.000000000000000000e+00,0.000000000000000000e+00
4.325024390220642090e+01,9.648300560748423038e+01,1.180279232560366331e+01,0.000000000000000000e+00,0.000000000000000000e+00
4.350028324127197266e+01,9.639545154475645461e+01,1.179969038722840402e+01,0.000000000000000000e+00,0.000000000000000000e+00
4.375012373924255371e+01,9.632376834104429975e+01,1.181440937988586981e+01,0.000000000000000000e+00,0.000000000000000000e+00
4.400018000602722168e+01,9.631039640941651214e+01,1.182048563745031799e+01,0.000000000000000000e+00,0.000000000000000000e+00
4.425012969970703125e+01,9.625413108603427759e+01,1.180488277147136600e+01,0.000000000000000000e+00,0.000000000000000000e+00
4.450012683868408203e+01,9.616274762371887164e+01,1.179609071061312164e+01,0.000000000000000000e+00,0.000000000000000000e+00
4.475021672248840332e+01,9.608792917279849632e+01,1.179353831080415560e+01,0.000000000000000000e+00,0.000000000000000000e+00
4.500010609626770020e+01,9.598135569440182735e+01,1.179742321696495289e+01,0.000000000000000000e+00,0.000000000000000000e+00
4.525020360946655273e+01,9.584878339844547668e+01,1.179197368026566295e+01,0.000000000000000000e+00,0.000000000000000000e+00
4.550014257431030273e+01,9.583087700620086480e+01,1.178352949162504970e+01,0.000000000000000000e+00,0.000000000000000000e+00
4.575022578239440918e+01,9.568026455700201893e+01,1.177462563836898468e+01,0.000000000000000000e+00,0.000000000000000000e+00
4.600023102760314941e+01,9.560227082477702254e+01,1.179189595015281355e+01,0.000000000000000000e+00,0.000000000000000000e+00
4.625022792816162109e+01,9.549309764592659633e+01,1.177948336623634340e+01,0.000000000000000000e+00,0.000000000000000000e+00
4.650023198127746582e+01,9.544903151872095748e+01,1.176334616768021846e+01,0.000000000000000000e+00,0.000000000000000000e+00
4.675016450881958008e+01,9.536763591347815350e+01,1.176274686115462842e+01,0.000000000000000000e+00,0.000000000000000000e+00
4.700019025802612305e+01,9.521036020483946061e+01,1.177619579555991081e+01,0.000000000000000000e+00,0.000000000000000000e+00
4.725022435188293457e+01,9.517222836892585747e+01,1.178986244622105062e+01,0.000000000000000000e+00,0.000000000000000000e+00
4.750025033950805664e+01,9.509569135046154997e+01,1.177914536491837438e+01,0.000000000000000000e+00,0.000000000000000000e+00
4.775024557113647461e+01,9.503302813969591512e+01,1.176638847551775946e+01,0.000000000000000000e+00,0.000000000000000000e+00
4.800021457672119141e+01,9.498172384195549967e+01,1.176922017749642890e+01,0.000000000000000000e+00,0.000000000000000000e+00
4.825019454956054688e+01,9.503035405909135136e+01,1.177751321336846857e+01,0.000000000000000000e+00,0.000000000000000000e+00
4.850013160705566406e+01,9.488889986646732666e+01,1.177102681722871758e+01,0.000000000000000000e+00,0.000000000000000000e+00
4.875022554397583008e+01,9.486372159227522616e+01,1.175907812541017172e+01,0.000000000000000000e+00,0.000000000000000000e+00
4.900016283988952637e+01,9.475247274142371623e+01,1.175726033466903075e+01,0.000000000000000000e+00,0.000000000000000000e+00
4.925020098686218262e+01,9.475202450944800603e+01,1.175842764795400619e+01,0.000000000000000000e+00,0.000000000000000000e+00
4.950020647048950195e+01,9.466102290468397484e+01,1.174743409448179143e+01,0.000000000000000000e+00,0.000000000000000000e+00
4.975015521049499512e+01,9.463183440401471103e+01,1.173976203774842020e+01,0.000000000000000000e+00,0.000000000000000000e+00
5.000014734268188477e+01,9.456261956915004419e+01,1.173215198538151327e+01,0.000000000000000000e+00,0.000000000000000000e+00
5.025030183792114258e+01,9.446063394354662535e+01,1.174849304810292239e+01,0.000000000000000000e+00,0.000000000000000000e+00
5.050023651123046875e+01,9.442245248722370832e+01,1.176452576046585463e+01,0.000000000000000000e+00,0.000000000000000000e+00
5.075020170211791992e+01,9.439119215473483848e+01,1.175574584664211386e+01,0.000000000000000000e+00,0.000000000000000000e+00
5.100025725364685059e+01,9.436559835917475425e+01,1.175254175923258870e+01,0.000000000000000000e+00,0.000000000000000000e+00
5.125032496452331543e+01,9.425400930820070755e+01,1.173730576013402604e+01,0.000000000000000000e+00,0.000000000000000000e+00
5.150014352798461914e+01,9.420796523219198093e+01,1.174009988778640690e+01,0.000000000000000000e+00,0.000000000000000000e+00
5.175015091896057129e+01,9.403431559597507317e+01,1.172446362288778765e+01,0.000000000000000000e+00,0.000000000000000000e+00
5.200012946128845215e+01,9.398277792200448744e+01,1.170630885109040520e+01,0.000000000000000000e+00,0.000000000000000000e+00
5.225018477439880371e+01,9.394058244338265240e+01,1.169347882205524236e+01,0.000000000000000000e+00,0.000000000000000000e+00
5.250018191337585449e+01,9.390603570739411055e+01,1.170620776209926639e+01,0.000000000000000000e+00,0.000000000000000000e+00
5.275017881393432617e+01,9.383243392049132581e+01,1.171530244587992442e+01,0.000000000000000000e+00,0.000000000000000000e+00
5.300016427040100098e+01,9.386280849753354971e+01,1.171146271986730447e+01,0.000000000000000000e+00,0.000000000000000000e+00
5.325022077560424805e+01,9.384235978613924090e+01,1.169566461196975204e+01,0.000000000000000000e+00,0.000000000000000000e+00
5.350013804435729980e+01,9.382561779725989481e+01,1.168675439247525105e+01,0.000000000000000000e+00,0.000000000000000000e+00
5.375021147727966309e+01,9.381191061609668225e+01,1.169871192847401531e+01,0.000000000000000000e+00,0.000000000000000000e+00
5.400021910667419434e+01,9.371005350187935790e+01,1.169124147323532625e+01,0.000000000000000000e+00,0.000000000000000000e+00
5.425020599365234375e+01,9.353602532658884172e+01,1.167711851915537480e+01,0.000000000000000000e+00,0.000000000000000000e+00
5.450016260147094727e+01,9.352949504276796233e+01,1.167090669049494700e+01,0.000000000000000000e+00,0.000000000000000000e+00
5.475019192695617676e+01,9.352414849857747470e+01,1.167909703498237306e+01,0.000000000000000000e+00,0.000000000000000000e+00
5.500020933151245117e+01,9.342913649496502160e+01,1.167053622591675754e+01,0.000000000000000000e+00,0.000000000000000000e+00
5.525016450881958008e+01,9.335134724569594766e+01,1.166215683275677861e+01,0.000000000000000000e+00,0.000000000000000000e+00
5.550022339820861816e+01,9.333297610679102263e+01,1.165529636588457230e+01,0.000000000000000000e+00,0.000000000000000000e+00
5.575016665458679199e+01,9.331793509040049628e+01,1.166100700591598205e+01,0.000000000000000000e+00,0.000000000000000000e+00
5.600018739700317383e+01,9.330562054772401837e+01,1.165837914457096858e+01,0.000000000000000000e+00,0.000000000000000000e+00
5.625018548965454102e+01,9.320490362946368634e+01,1.164689408014896443e+01,0.000000000000000000e+00,0.000000000000000000e+00
5.650019741058349609e+01,9.316776090285921441e+01,1.164280028094793451e+01,0.000000000000000000e+00,0.000000000000000000e+00
5.675023841857910156e+01,9.313735101033496733e+01,1.164015369901565222e+01,0.000000000000000000e+00,0.000000000000000000e+00
5.700014281272888184e+01,9.311245349612757138e+01,1.163798686099715241e+01,0.000000000000000000e+00,0.000000000000000000e+00
5.725013160705566406e+01,9.309206913557076746e+01,1.163351733037273661e+01,0.000000000000000000e+00,0.000000000000000000e+00
5.750014662742614746e+01,9.303006252097058848e+01,1.163184832452990847e+01,0.000000000000000000e+00,0.000000000000000000e+00
5.775016355514526367e+01,9.302461311043366265e+01,1.163048185811931745e+01,0.000000000000000000e+00,0.000000000000000000e+00
5.800016856193542480e+01,9.302015151044093955e+01,1.163803501081866898e+01,0.000000000000000000e+00,0.000000000000000000e+00
5.825019264221191406e+01,9.292586403785796278e+01,1.163554708844357144e+01,0.000000000000000000e+00,0.000000000000000000e+00
5.850016498565673828e+01,9.289398529615478139e+01,1.163488054539053884e+01,0.000000000000000000e+00,0.000000000000000000e+00
5.875014781951904297e+01,9.277725056649194357e+01,1.162831849978942955e+01,0.000000000000000000e+00,0.000000000000000000e+00
5.900018763542175293e+01,9.277231087682575605e+01,1.162759188205131267e+01,0.000000000000000000e+00,0.000000000000000000e+00
5.925020790100097656e+01,9.276826660098538468e+01,1.162969426415758356e+01,0.000000000000000000e+00,0.000000000000000000e+00
5.950028157234191895e+01,9.276495542798093652e+01,1.162606266818110257e+01,0.000000000000000000e+00,0.000000000000000000e+00
5.975024819374084473e+01,9.271692715708293520e+01,1.161645128905011859e+01,0.000000000000000000e+00,0.000000000000000000e+00
6.000015878677368164e+01,9.263228762295106833e+01,1.161787583166578131e+01,0.000000000000000000e+00,0.000000000000000000e+00
6.025013518333435059e+01,9.260830794516162712e+01,1.161904214851429451e+01,0.000000000000000000e+00,0.000000000000000000e+00
6.050022578239440918e+01,9.258867504550650551e+01,1.160738433378516987e+01,0.000000000000000000e+00,0.000000000000000000e+00
6.075020790100097656e+01,9.257260098678676741e+01,1.158788260261932557e+01,0.000000000000000000e+00,0.000000000000000000e+00
6.100019955635070801e+01,9.251412334885561961e+01,1.157789056995413901e+01,0.000000000000000000e+00,0.000000000000000000e+00
6.125020170211791992e+01,9.237561128485303641e+01,1.158232249972622441e+01,0.000000000000000000e+00,0.000000000000000000e+00
6.150017762184143066e+01,9.235284182184281576e+01,1.158993354228098838e+01,0.000000000000000000e+00,0.000000000000000000e+00
6.175026226043701172e+01,9.228888245051477668e+01,1.158687126259386702e+01,0.000000000000000000e+00,0.000000000000000000e+00
6.200026440620422363e+01,9.223651694626097708e+01,1.157507040574980550e+01,0.000000000000000000e+00,0.000000000000000000e+00
6.225016784667968750e+01,9.228427832098897454e+01,1.158399602991828381e+01,0.000000000000000000e+00,0.000000000000000000e+00
6.250013446807861328e+01,9.232338202728806209e+01,1.159130371291543327e+01,0.000000000000000000e+00,0.000000000000000000e+00
6.275013661384582520e+01,9.231008012246394401e+01,1.157471690378468487e+01,0.000000000000000000e+00,0.000000000000000000e+00
6.300013375282287598e+01,9.229918944390992408e+01,1.155980988216643723e+01,0.000000000000000000e+00,0.000000000000000000e+00
6.325014162063598633e+01,9.224495559872535466e+01,1.154229385619596471e+01,0.000000000000000000e+00,0.000000000000000000e+00
6.350014305114746094e+01,9.220055268181508268e+01,1.154587685019787457e+01,0.000000000000000000e+00,0.000000000000000000e+00
6.375024199485778809e+01,9.220951595994476691e+01,1.153951668328564040e+01,0.000000000000000000e+00,0.000000000000000000e+00
6.400020980834960938e+01,9.217153715966743732e+01,1.154161094430590495e+01,0.000000000000000000e+00,0.000000000000000000e+00
6.425022101402282715e+01,9.214044274791537248e+01,1.153469535136220969e+01,0.000000000000000000e+00,0.000000000000000000e+00
6.450021648406982422e+01,9.211498479676509987e+01,1.154695724587908501e+01,0.000000000000000000e+00,0.000000000000000000e+00
6.475019025802612305e+01,9.200350696578701104e+01,1.155102180163250125e+01,0.000000000000000000e+00,0.000000000000000000e+00
6.500021171569824219e+01,9.200287126073982336e+01,1.154306556780452730e+01,0.000000000000000000e+00,0.000000000000000000e+00
6.525021338462829590e+01,9.200235078946779765e+01,1.153190381099980577e+01,0.000000000000000000e+00,0.000000000000000000e+00
6.550023460388183594e+01,9.200192466363129995e+01,1.152940341726768736e+01,0.000000000000000000e+00,0.000000000000000000e+00
6.575012040138244629e+01,9.191094115784326846e+01,1.153930553678149806e+01,0.000000000000000000e+00,0.000000000000000000e+00
6.600015139579772949e+01,9.183645016363175273e+01,1.151355704930048240e+01,0.000000000000000000e+00,0.000000000000000000e+00
6.625014805793762207e+01,9.177546209584343728e+01,1.149247597075453164e+01,8.889849000000000015e-03,0.000000000000000000e+00
6.650021457672119141e+01,9.177084660090484647e+01,1.147388935255343867e+01,1.709714999999999846e-02,0.000000000000000000e+00
6.675013470649719238e+01,9.181238506498844743e+01,1.148057830512701294e+01,2.381671000000000135e-02,0.000000000000000000e+00
6.700020909309387207e+01,9.175575925950829514e+01,1.145950062432327066e+01,2.478649999999999951e-02,0.000000000000000000e+00
6.725016880035400391e+01,9.170939797114388625e+01,1.145552165118272292e+01,2.067110999999999948e-02,0.000000000000000000e+00
6.750027799606323242e+01,9.171675787033814231e+01,1.142371947519407449e+01,2.598755000000000162e-02,0.000000000000000000e+00
6.775012254714965820e+01,9.167746633441751669e+01,1.142357092954277320e+01,3.109556000000000126e-02,0.000000000000000000e+00
6.800025963783264160e+01,9.169061445735415816e+01,1.141880156715873618e+01,3.074591000000000129e-02,0.000000000000000000e+00
6.825022459030151367e+01,9.165606191821711946e+01,1.137772204634358530e+01,3.461373999999999701e-02,0.000000000000000000e+00
6.850013279914855957e+01,9.167309000355921000e+01,1.132882248335474173e+01,3.362634999999999930e-02,0.000000000000000000e+00
6.875015878677368164e+01,9.168703142069480805e+01,1.130737244321061397e+01,3.697203999999999768e-02,0.000000000000000000e+00
6.900020146369934082e+01,9.165312837591471862e+01,1.128782029935865694e+01,3.555716999999999905e-02,0.000000000000000000e+00
6.925033497810363770e+01,9.158005359879976481e+01,1.127778699227700443e+01,3.402112999999999665e-02,0.000000000000000000e+00
6.950019431114196777e+01,9.156554234323192532e+01,1.126293433539189692e+01,3.729525000000000201e-02,0.000000000000000000e+00
6.975018882751464844e+01,9.155366153203277690e+01,1.123616914521063670e+01,4.488526000000000321e-02,0.000000000000000000e+00
7.000022172927856445e+01,9.158925165826302361e+01,1.120097950125268937e+01,4.694534000000000207e-02,0.000000000000000000e+00
7.025014090538024902e+01,9.157307307738315671e+01,1.117880673737673725e+01,4.825435000000000141e-02,0.000000000000000000e+00
7.050022125244140625e+01,9.160514448740615023e+01,1.116729129353304373e+01,4.479434999999999667e-02,0.000000000000000000e+00
7.075026035308837891e+01,9.163140233708654137e+01,1.112002510292036561e+01,4.611562000000000300e-02,0.000000000000000000e+00
7.100020956993103027e+01,9.165290044612957843e+01,1.108995704793087889e+01,4.304329999999999962e-02,0.000000000000000000e+00
7.125019693374633789e+01,9.171581892086663856e+01,1.109255517135861879e+01,4.015024999999999844e-02,0.000000000000000000e+00
7.150023674964904785e+01,9.172201489934012386e+01,1.109202855313426284e+01,3.778162000000000187e-02,0.000000000000000000e+00
7.175026130676269531e+01,9.177240504919228670e+01,1.106504326261724458e+01,3.131062999999999902e-02,0.000000000000000000e+00
7.200026059150695801e+01,9.172302639106743527e+01,1.105755443861472465e+01,3.016670000000000115e-02,0.000000000000000000e+00
7.225015711784362793e+01,9.190918512376742910e+01,1.108992469614570986e+01,2.507604999999999904e-02,0.000000000000000000e+00
7.250019192695617676e+01,9.197096437972192007e+01,1.109983202191567031e+01,2.959399999999999878e-02,0.000000000000000000e+00
7.275014805793762207e+01,9.215749689166565872e+01,1.109001955106865012e+01,1.138960999999999966e-02,0.000000000000000000e+00
7.300014591217041016e+01,9.240085141910388700e+01,1.111119369317905736e+01,3.660354000000000212e-03,0.000000000000000000e+00
7.325022315979003906e+01,9.250945863115731527e+01,1.113384080342970783e+01,0.000000000000000000e+00,0.000000000000000000e+00
7.350018334388732910e+01,9.273433063086302752e+01,1.116964133405970827e+01,0.000000000000000000e+00,0.000000000000000000e+00
7.375018167495727539e+01,9.296375756425875636e+01,1.119430639866438781e+01,0.000000000000000000e+00,0.000000000000000000e+00
7.400019788742065430e+01,9.319691376194471388e+01,1.125101169729792794e+01,0.000000000000000000e+00,0.000000000000000000e+00
7.425020122528076172e+01,9.347844053472195469e+01,1.130274744539402221e+01,0.000000000000000000e+00,0.000000000000000000e+00
7.450017118453979492e+01,9.379956978487047081e+01,1.136838187739104811e+01,0.000000000000000000e+00,0.000000000000000000e+00
7.475021505355834961e+01,9.406248817767993842e+01,1.141813450728047208e+01,0.000000000000000000e+00,0.000000000000000000e+00
7.500020885467529297e+01,9.436838217488390512e+01,1.147347337864195893e+01,0.000000000000000000e+00,0.000000000000000000e+00
7.525021696090698242e+01,9.466414430930723256e+01,1.153006683777959829e+01,0.000000000000000000e+00,0.000000000000000000e+00
7.550025558471679688e+01,9.495161117608611789e+01,1.159631588266550040e+01,0.000000000000000000e+00,0.000000000000000000e+00
7.575016331672668457e+01,9.527760376386996199e+01,1.167113369798621747e+01,0.000000000000000000e+00,0.000000000000000000e+00
7.600015258789062500e+01,9.563513854422508587e+01,1.171513069926795225e+01,0.000000000000000000e+00,0.000000000000000000e+00
7.625013351440429688e+01,9.597318057592730156e+01,1.176243640788141676e+01,0.000000000000000000e+00,0.000000000000000000e+00
7.650020790100097656e+01,9.638589791830638376e+01,1.180581478981048527e+01,0.000000000000000000e+00,0.000000000000000000e+00
7.675010967254638672e+01,9.672380229884075220e+01,1.186456328449257214e+01,0.000000000000000000e+00,0.000000000000000000e+00
7.700015354156494141e+01,9.713640694197552250e+01,1.188810231352037050e+01,0.000000000000000000e+00,0.000000000000000000e+00
7.725025153160095215e+01,9.742890174044221396e+01,1.191135692583790018e+01,0.000000000000000000e+00,0.000000000000000000e+00
7.750021195411682129e+01,9.771369353879273945e+01,1.192641370673829115e+01,0.000000000000000000e+00,0.000000000000000000e+00
7.775020956993103027e+01,9.803749596578771275e+01,1.195467291041577518e+01,0.000000000000000000e+00,0.000000000000000000e+00
7.800022625923156738e+01,9.825728565895929023e+01,1.196718721165439447e+01,0.000000000000000000e+00,0.000000000000000000e+00
7.825020360946655273e+01,9.857318617515994674e+01,1.197278712413312363e+01,0.000000000000000000e+00,0.000000000000000000e+00
7.850026440620422363e+01,9.878650633095611511e+01,1.197537979567033162e+01,0.000000000000000000e+00,0.000000000000000000e+00
7.875009536743164062e+01,9.905179272621884934e+01,1.199808199319353008e+01,0.000000000000000000e+00,0.000000000000000000e+00
7.900013017654418945e+01,9.926899085639364273e+01,1.201733242591195783e+01,0.000000000000000000e+00,0.000000000000000000e+00
7.925021719932556152e+01,9.949213495680928077e+01,1.201185040414180172e+01,0.000000000000000000e+00,0.000000000000000000e+00
7.950015974044799805e+01,9.976546451764849621e+01,1.200736210432953222e+01,0.000000000000000000e+00,0.000000000000000000e+00
7.975024318695068359e+01,9.998924783483286660e+01,1.201895570391243417e+01,0.000000000000000000e+00,0.000000000000000000e+00
8.000019288063049316e+01,1.002177834303680157e+02,1.202379999693874879e+01,0.000000000000000000e+00,0.000000000000000000e+00
8.025019478797912598e+01,1.004048925506056378e+02,1.201183441450433698e+01,0.000000000000000000e+00,0.000000000000000000e+00
8.050017523765563965e+01,1.006034018532560594e+02,1.200203782418679310e+01,0.000000000000000000e+00,0.000000000000000000e+00
8.075020098686218262e+01,1.007206102123775082e+02,1.199401705441851540e+01,0.000000000000000000e+00,0.000000000000000000e+00
8.100022149085998535e+01,1.009072069239690563e+02,1.200736625570518967e+01,0.000000000000000000e+00,0.000000000000000000e+00
8.125020503997802734e+01,1.010599793901722734e+02,1.199904486330450126e+01,0.000000000000000000e+00,0.000000000000000000e+00
8.150019311904907227e+01,1.011850589064764137e+02,1.199023973441395441e+01,0.000000000000000000e+00,0.000000000000000000e+00
8.175033259391784668e+01,1.012874653530547420e+02,1.198037511013903966e+01,0.000000000000000000e+00,0.000000000000000000e+00
8.200019168853759766e+01,1.014166259719123531e+02,1.198889383843331835e+01,0.000000000000000000e+00,0.000000000000000000e+00
8.225017595291137695e+01,1.014317391191966635e+02,1.197927318370924965e+01,0.000000000000000000e+00,0.000000000000000000e+00
8.250020909309387207e+01,1.014441127176541215e+02,1.197006956693443946e+01,0.000000000000000000e+00,0.000000000000000000e+00
8.275018525123596191e+01,1.015448779866984808e+02,1.196253428284135900e+01,0.000000000000000000e+00,0.000000000000000000e+00
8.300023126602172852e+01,1.015820602995767814e+02,1.196698547919833544e+01,0.000000000000000000e+00,0.000000000000000000e+00
8.325021886825561523e+01,1.017031372260618127e+02,1.197527755403486083e+01,0.000000000000000000e+00,0.000000000000000000e+00
8.350029611587524414e+01,1.017569493175327722e+02,1.196347918213096406e+01,0.000000000000000000e+00,0.000000000000000000e+00
8.375019335746765137e+01,1.016197376847854770e+02,1.195448293766072823e+01,0.000000000000000000e+00,0.000000000000000000e+00
8.400021505355834961e+01,1.016433502365667323e+02,1.196172229887524452e+01,0.000000000000000000e+00,0.000000000000000000e+00
8.425016880035400391e+01,1.016626825588686955e+02,1.196831283197794349e+01,0.000000000000000000e+00,0.000000000000000000e+00
8.450021219253540039e+01,1.016785105256657289e+02,1.196043254446373538e+01,0.000000000000000000e+00,0.000000000000000000e+00
8.475024819374084473e+01,1.016461520571106405e+02,1.194667737277426767e+01,0.000000000000000000e+00,0.000000000000000000e+00
8.500019288063049316e+01,1.016196591837820904e+02,1.193541559069823421e+01,0.000000000000000000e+00,0.000000000000000000e+00
8.525013113021850586e+01,1.015979686536506108e+02,1.194212697749009777e+01,0.000000000000000000e+00,0.000000000000000000e+00
8.550010395050048828e+01,1.015802099495813877e+02,1.193169004214042062e+01,0.000000000000000000e+00,0.000000000000000000e+00
8.575013303756713867e+01,1.015656703524251157e+02,1.193243867649144541e+01,0.000000000000000000e+00,0.000000000000000000e+00
8.600021123886108398e+01,1.014631317136349082e+02,1.192043889225660536e+01,0.000000000000000000e+00,0.000000000000000000e+00
8.625016951560974121e+01,1.013338628649480881e+02,1.192720949942895281e+01,0.000000000000000000e+00,0.000000000000000000e+00
8.650022268295288086e+01,1.012733437948437256e+02,1.193540839820537158e+01,0.000000000000000000e+00,0.000000000000000000e+00
8.675021433830261230e+01,1.011331603475405814e+02,1.192486244377555593e+01,0.000000000000000000e+00,0.000000000000000000e+00
8.700022530555725098e+01,1.010637051598915264e+02,1.191689159200704040e+01,0.000000000000000000e+00,0.000000000000000000e+00
8.725020837783813477e+01,1.010068400618024498e+02,1.190704657062478944e+01,0.000000000000000000e+00,0.000000000000000000e+00
8.750026822090148926e+01,1.009149655454896077e+02,1.191558134841013938e+01,0.000000000000000000e+00,0.000000000000000000e+00
8.775013804435729980e+01,1.008850623652906222e+02,1.190796598292165598e+01,0.000000000000000000e+00,0.000000000000000000e+00
8.800014877319335938e+01,1.007699450885858852e+02,1.189973889997663292e+01,0.000000000000000000e+00,0.000000000000000000e+00
8.825020766258239746e+01,1.007210123456676172e+02,1.188636505433913371e+01,0.000000000000000000e+00,0.000000000000000000e+00
8.850016260147094727e+01,1.006356322924774815e+02,1.189665841867558527e+01,0.000000000000000000e+00,0.000000000000000000e+00
8.875018787384033203e+01,1.005657290172312770e+02,1.188716200947482804e+01,0.000000000000000000e+00,0.000000000000000000e+00
8.900023293495178223e+01,1.004631797443158234e+02,1.187407581828353997e+01,0.000000000000000000e+00,0.000000000000000000e+00
8.925015234947204590e+01,1.003792195008741714e+02,1.186999983093685884e+01,0.000000000000000000e+00,0.000000000000000000e+00
8.950019454956054688e+01,1.002651613558020642e+02,1.188790563779376441e+01,0.000000000000000000e+00,0.000000000000000000e+00
8.975022768974304199e+01,1.002624130682535082e+02,1.189858318717130992e+01,0.000000000000000000e+00,0.000000000000000000e+00
9.000022053718566895e+01,1.001242110255276856e+02,1.189006476752230057e+01,0.000000000000000000e+00,0.000000000000000000e+00
9.025020146369934082e+01,1.000110607630098656e+02,1.187844454458942245e+01,0.000000000000000000e+00,0.000000000000000000e+00
9.050037550926208496e+01,9.991842116336768242e+01,1.187822438500634448e+01,0.000000000000000000e+00,0.000000000000000000e+00
9.075015044212341309e+01,9.979725696245728273e+01,1.187937102447256166e+01,0.000000000000000000e+00,0.000000000000000000e+00
9.100015401840209961e+01,9.969805610499980730e+01,1.186968924828908811e+01,0.000000000000000000e+00,0.000000000000000000e+00
9.125021886825561523e+01,9.961683731226767691e+01,1.185777999502838220e+01,0.000000000000000000e+00,0.000000000000000000e+00
9.150018525123596191e+01,9.941438905373851753e+01,1.185001985946885306e+01,0.000000000000000000e+00,0.000000000000000000e+00
9.175018692016601562e+01,9.938459037376512129e+01,1.186623623177247211e+01,0.000000000000000000e+00,0.000000000000000000e+00
9.200021934509277344e+01,9.926955865460875827e+01,1.186756561841617774e+01,0.000000000000000000e+00,0.000000000000000000e+00
9.225019454956054688e+01,9.926601327201703384e+01,1.185604131394327609e+01,0.000000000000000000e+00,0.000000000000000000e+00
9.250021982192993164e+01,9.917247593479673640e+01,1.184328697155233456e+01,0.000000000000000000e+00,0.000000000000000000e+00
9.275024485588073730e+01,9.909589404025345516e+01,1.185607787857957973e+01,0.000000000000000000e+00,0.000000000000000000e+00
9.300024724006652832e+01,9.903319408806190438e+01,1.186389459305513938e+01,0.000000000000000000e+00,0.000000000000000000e+00
9.325017142295837402e+01,9.893654239725566413e+01,1.184838798909378355e+01,0.000000000000000000e+00,0.000000000000000000e+00
9.350019621849060059e+01,9.890272799738610843e+01,1.183635570099855627e+01,0.000000000000000000e+00,0.000000000000000000e+00
9.375022363662719727e+01,9.882972579658550671e+01,1.182650449670510007e+01,0.000000000000000000e+00,0.000000000000000000e+00
9.400021457672119141e+01,9.867932202628668392e+01,1.183370732146343229e+01,0.000000000000000000e+00,0.000000000000000000e+00
9.425029134750366211e+01,9.851086452243364988e+01,1.181969025613526014e+01,0.000000000000000000e+00,0.000000000000000000e+00
9.450032830238342285e+01,9.841826049517293029e+01,1.181352524261799708e+01,0.000000000000000000e+00,0.000000000000000000e+00
9.475024867057800293e+01,9.834244273019569960e+01,1.182573640145771776e+01,0.000000000000000000e+00,0.000000000000000000e+00
9.500015640258789062e+01,9.823505108264870955e+01,1.183573405273051549e+01,0.000000000000000000e+00,0.000000000000000000e+00
9.525017809867858887e+01,9.819244354990877355e+01,1.184657503175351323e+01,0.000000000000000000e+00,0.000000000000000000e+00
9.550011920928955078e+01,9.811224214081130413e+01,1.183022544627144690e+01,0.000000000000000000e+00,0.000000000000000000e+00
9.575016570091247559e+01,9.809189609247351882e+01,1.181219179434612165e+01,0.000000000000000000e+00,0.000000000000000000e+00
9.600012660026550293e+01,9.798460353353475227e+01,1.180340172330310367e+01,0.000000000000000000e+00,0.000000000000000000e+00
9.625017595291137695e+01,9.789675981595514997e+01,1.181014643959921528e+01,0.000000000000000000e+00,0.000000000000000000e+00
9.650022077560424805e+01,9.787015677463855923e+01,1.179641775222851052e+01,0.000000000000000000e+00,0.000000000000000000e+00
9.675018358230590820e+01,9.784837604658724786e+01,1.178318550465504799e+01,0.000000000000000000e+00,0.000000000000000000e+00
9.700021505355834961e+01,9.783054349470720013e+01,1.177633434198919105e+01,0.000000000000000000e+00,0.000000000000000000e+00
9.725024318695068359e+01,9.777062612434664857e+01,1.178798554211222793e+01,0.000000000000000000e+00,0.000000000000000000e+00
9.750022959709167480e+01,9.767625261885839905e+01,1.179818818340695685e+01,0.000000000000000000e+00,0.000000000000000000e+00
9.775020670890808105e+01,9.755366881590890671e+01,1.178994620004186622e+01,0.000000000000000000e+00,0.000000000000000000e+00
9.800020885467529297e+01,9.749862299833540646e+01,1.177921393674716377e+01,0.000000000000000000e+00,0.000000000000000000e+00
9.825016760826110840e+01,9.745355529465965105e+01,1.176777150827025231e+01,0.000000000000000000e+00,0.000000000000000000e+00
9.850018692016601562e+01,9.737133966795920514e+01,1.177433680699075502e+01,0.000000000000000000e+00,0.000000000000000000e+00
9.875023841857910156e+01,9.725870989426546487e+01,1.176377845215192863e+01,0.000000000000000000e+00,0.000000000000000000e+00
9.900013566017150879e+01,9.716649643483017940e+01,1.175380711145600365e+01,0.000000000000000000e+00,0.000000000000000000e+00
9.925014686584472656e+01,9.709099843974280475e+01,1.174962575353370831e+01,0.000000000000000000e+00,0.000000000000000000e+00
9.950020956993103027e+01,9.702918590936903342e+01,1.175948031955013562e+01,0.000000000000000000e+00,0.000000000000000000e+00
9.975015234947204590e+01,9.697857808982647043e+01,1.176024521784753496e+01,0.000000000000000000e+00,0.000000000000000000e+00
1.000001299381256104e+02,9.689182659989025126e+01,1.174825874940575865e+01,0.000000000000000000e+00,0.000000000000000000e+00
1.002501769065856934e+02,9.682080048720413856e+01,1.173778161362794314e+01,0.000000000000000000e+00,0.000000000000000000e+00
1.005001952648162842e+02,9.676264922447643357e+01,1.172654806589506293e+01,0.000000000000000000e+00,0.000000000000000000e+00
1.007501182556152344e+02,9.662440437388993075e+01,1.173925720339051182e+01,0.000000000000000000e+00,0.000000000000000000e+00
1.010001678466796875e+02,9.651121906326008570e+01,1.173041177108001243e+01,0.000000000000000000e+00,0.000000000000000000e+00
1.012502167224884033e+02,9.650918539211176039e+01,1.172449663451060786e+01,0.000000000000000000e+00,0.000000000000000000e+00
1.015001726150512695e+02,9.641688573953996411e+01,1.171301565047029491e+01,0.000000000000000000e+00,0.000000000000000000e+00
1.017502138614654541e+02,9.625068255202000955e+01,1.172286660978401152e+01,0.000000000000000000e+00,0.000000000000000000e+00
1.020002052783966064e+02,9.615992420286835340e+01,1.171101765365461844e+01,0.000000000000000000e+00,0.000000000000000000e+00
1.022501335144042969e+02,9.608561755131930227e+01,1.169998965799214297e+01,0.000000000000000000e+00,0.000000000000000000e+00
1.025001478195190430e+02,9.602478041053784352e+01,1.168896854977479016e+01,0.000000000000000000e+00,0.000000000000000000e+00
1.027501418590545654e+02,9.592965386072020806e+01,1.168658330936652767e+01,0.000000000000000000e+00,0.000000000000000000e+00
1.030001997947692871e+02,9.594240545241132168e+01,1.169259722309302241e+01,0.000000000000000000e+00,0.000000000000000000e+00
1.032502241134643555e+02,9.595284557267953574e+01,1.168021884958855416e+01,0.000000000000000000e+00,0.000000000000000000e+00
1.035001809597015381e+02,9.587075859674794742e+01,1.167078943189788731e+01,0.000000000000000000e+00,0.000000000000000000e+00
1.037502012252807617e+02,9.580355146512559372e+01,1.166236414028039370e+01,0.000000000000000000e+00,0.000000000000000000e+00
1.040001158714294434e+02,9.579384423137071281e+01,1.166413801570225139e+01,0.000000000000000000e+00,0.000000000000000000e+00
1.042501566410064697e+02,9.578589662056826626e+01,1.166824593652966335e+01,0.000000000000000000e+00,0.000000000000000000e+00
1.045001745223999023e+02,9.573407235546031302e+01,1.166297898879631667e+01,0.000000000000000000e+00,0.000000000000000000e+00
1.047502393722534180e+02,9.573695954759126892e+01,1.166065892573584506e+01,0.000000000000000000e+00,0.000000000000000000e+00
1.050002179145812988e+02,9.569400606884840954e+01,1.166672438946891077e+01,0.000000000000000000e+00,0.000000000000000000e+00
1.052502048015594482e+02,9.570415604658046504e+01,1.166106980598168974e+01,0.000000000000000000e+00,0.000000000000000000e+00
1.055001978874206543e+02,9.566714883376224066e+01,1.165440638363438808e+01,0.000000000000000000e+00,0.000000000000000000e+00
1.057501747608184814e+02,9.563684989054226548e+01,1.164895083483790650e+01,0.000000000000000000e+00,0.000000000000000000e+00
1.060002095699310303e+02,9.561204321394231442e+01,1.164448420926330918e+01,0.000000000000000000e+00,0.000000000000000000e+00
1.062501571178436279e+02,9.554641591319776239e+01,1.165016261175938617e+01,0.000000000000000000e+00,0.000000000000000000e+00
1.065002562999725342e+02,9.549268482383669721e+01,1.163684791214130776e+01,0.000000000000000000e+00,0.000000000000000000e+00
1.067501869201660156e+02,9.549401084031092068e+01,1.163457517424947696e+01,0.000000000000000000e+00,0.000000000000000000e+00
1.070001146793365479e+02,9.549509649077745621e+01,1.163271441384375038e+01,0.000000000000000000e+00,0.000000000000000000e+00
1.072501819133758545e+02,9.540535072274049355e+01,1.163388823846967313e+01,0.000000000000000000e+00,0.000000000000000000e+00
1.075002126693725586e+02,9.542250772595104991e+01,1.162816951304056090e+01,0.000000000000000000e+00,0.000000000000000000e+00
1.077502334117889404e+02,9.534592006864916414e+01,1.161751278228478768e+01,0.000000000000000000e+00,0.000000000000000000e+00
1.080002496242523193e+02,9.532853271004042028e+01,1.161874490882118849e+01,0.000000000000000000e+00,0.000000000000000000e+00
1.082502076625823975e+02,9.526897983310215068e+01,1.160714097450739146e+01,0.000000000000000000e+00,0.000000000000000000e+00
1.085002145767211914e+02,9.522022206131850908e+01,1.161025319082882135e+01,0.000000000000000000e+00,0.000000000000000000e+00
1.087501852512359619e+02,9.508966795064667110e+01,1.160483628733165418e+01,0.000000000000000000e+00,0.000000000000000000e+00
1.090001714229583740e+02,9.489214466183788943e+01,1.159442666747351680e+01,0.000000000000000000e+00,0.000000000000000000e+00
1.092501964569091797e+02,9.486637820603255022e+01,1.160054873402663844e+01,0.000000000000000000e+00,0.000000000000000000e+00
1.095001482963562012e+02,9.479996510453638336e+01,1.160755320720974382e+01,0.000000000000000000e+00,0.000000000000000000e+00
1.097502207756042480e+02,9.479090796766467975e+01,1.161196109392639286e+01,0.000000000000000000e+00,0.000000000000000000e+00
1.100002186298370361e+02,9.478349261117298852e+01,1.159030284600893701e+01,0.000000000000000000e+00,0.000000000000000000e+00
1.102502427101135254e+02,9.468678680730720032e+01,1.157920865220341256e+01,0.000000000000000000e+00,0.000000000000000000e+00
1.105002017021179199e+02,9.469824541514216776e+01,1.156813334553054951e+01,0.000000000000000000e+00,0.000000000000000000e+00
1.107501525878906250e+02,9.461699230630310353e+01,1.157831644538082472e+01,0.000000000000000000e+00,0.000000000000000000e+00
1.110001630783081055e+02,9.464110251077437397e+01,1.156541253203558739e+01,0.000000000000000000e+00,0.000000000000000000e+00
1.112501654624938965e+02,9.461552496490749320e+01,1.154289843258768933e+01,0.000000000000000000e+00,0.000000000000000000e+00
1.115000932216644287e+02,9.463990115324853036e+01,1.153840505208014200e+01,0.000000000000000000e+00,0.000000000000000000e+00
1.117502176761627197e+02,9.456922406482514987e+01,1.154070081765188149e+01,0.000000000000000000e+00,0.000000000000000000e+00
1.120003395080566406e+02,9.455667587072541380e+01,1.155519314572815759e+01,0.000000000000000000e+00,0.000000000000000000e+00
1.122502150535583496e+02,9.450108496658985757e+01,1.153585839762768117e+01,0.000000000000000000e+00,0.000000000000000000e+00
1.125002331733703613e+02,9.450088829551317815e+01,1.152666652457708985e+01,0.000000000000000000e+00,0.000000000000000000e+00
1.127501401901245117e+02,9.445540996312395521e+01,1.150918373569875541e+01,0.000000000000000000e+00,0.000000000000000000e+00
1.130001115798950195e+02,9.441817545379819876e+01,1.151080179290647010e+01,0.000000000000000000e+00,0.000000000000000000e+00
1.132501113414764404e+02,9.434237310420692779e+01,1.150548846628038113e+01,0.000000000000000000e+00,0.000000000000000000e+00
1.135001602172851562e+02,9.432562870117149600e+01,1.150644947130526852e+01,0.000000000000000000e+00,0.000000000000000000e+00
1.137502162456512451e+02,9.422128492000344124e+01,1.149462356147217257e+01,0.000000000000000000e+00,0.000000000000000000e+00
1.140002121925354004e+02,9.422649008092972167e+01,1.150286341585186989e+01,0.000000000000000000e+00,0.000000000000000000e+00
1.142501931190490723e+02,9.423075170625479302e+01,1.149102410214649694e+01,0.000000000000000000e+00,0.000000000000000000e+00
1.145002083778381348e+02,9.414360620650550970e+01,1.148066563378436733e+01,0.000000000000000000e+00,0.000000000000000000e+00
1.147502076625823975e+02,9.416289212932943542e+01,1.146488331191548760e+01,0.000000000000000000e+00,0.000000000000000000e+00
1.150002582073211670e+02,9.413336479571637483e+01,1.144466031438044062e+01,0.000000000000000000e+00,0.000000000000000000e+00
1.152502446174621582e+02,9.410918985963095906e+01,1.146328567251417141e+01,0.000000000000000000e+00,0.000000000000000000e+00
1.155001580715179443e+02,9.408939709600413437e+01,1.143206645455688886e+01,0.000000000000000000e+00,0.000000000000000000e+00
1.157501423358917236e+02,9.411850946346496016e+01,1.141712869859784796e+01,0.000000000000000000e+00,0.000000000000000000e+00
1.160002188682556152e+02,9.414234465400004126e+01,1.139294942965510771e+01,0.000000000000000000e+00,0.000000000000000000e+00
1.162501645088195801e+02,9.393527269884405939e+01,1.138576583278557663e+01,0.000000000000000000e+00,0.000000000000000000e+00
1.165001749992370605e+02,9.385637114451888863e+01,1.138585903548932698e+01,0.000000000000000000e+00,0.000000000000000000e+00
1.167502207756042480e+02,9.388240663898822902e+01,1.136801144027350752e+01,0.000000000000000000e+00,0.000000000000000000e+00
1.170001118183135986e+02,9.390372269898186630e+01,1.135804499600044082e+01,0.000000000000000000e+00,0.000000000000000000e+00
1.172501573562622070e+02,9.387585750110260108e+01,1.137245680820197258e+01,0.000000000000000000e+00,0.000000000000000000e+00
1.175002131462097168e+02,9.385304340665824441e+01,1.136898789339070959e+01,0.000000000000000000e+00,0.000000000000000000e+00
1.177501640319824219e+02,9.383436480593302065e+01,1.136946682606606274e+01,0.000000000000000000e+00,0.000000000000000000e+00
1.180002117156982422e+02,9.377375474936431488e+01,1.135857311966266359e+01,0.000000000000000000e+00,0.000000000000000000e+00
1.182502553462982178e+02,9.376944874383622164e+01,1.133969698748177279e+01,0.000000000000000000e+00,0.000000000000000000e+00
1.185002448558807373e+02,9.376592328468744597e+01,1.135544258034632925e+01,0.000000000000000000e+00,0.000000000000000000e+00
1.187501189708709717e+02,9.376303688286361648e+01,1.133182272973495408e+01,0.000000000000000000e+00,0.000000000000000000e+00
1.190001177787780762e+02,9.376067369692471232e+01,1.130385601550282715e+01,0.000000000000000000e+00,0.000000000000000000e+00
1.192501523494720459e+02,9.375873888392129629e+01,1.129622530247421075e+01,0.000000000000000000e+00,0.000000000000000000e+00
1.195001213550567627e+02,9.371183748128343893e+01,1.129263339751717865e+01,0.000000000000000000e+00,0.000000000000000000e+00
1.197502136230468750e+02,9.362812054885083057e+01,1.128438321822437729e+01,0.000000000000000000e+00,0.000000000000000000e+00
1.200001859664916992e+02,9.365021354517590169e+01,1.128559351342870620e+01,0.000000000000000000e+00,0.000000000000000000e+00
1.202502920627593994e+02,9.366830176069487379e+01,1.125405746566510778e+01,0.000000000000000000e+00,0.000000000000000000e+00
1.205002157688140869e+02,9.359247651554755976e+01,9.464696076805495295e+00,0.000000000000000000e+00,9.999998000000000339e-05
1.207501659393310547e+02,9.353039605548578095e+01,7.903394310987183147e+00,0.000000000000000000e+00,9.999998000000000339e-05
1.210002162456512451e+02,9.352488618539847209e+01,6.593244796602800939e+00,0.000000000000000000e+00,9.999998000000000339e-05
1.212502830028533936e+02,9.352037508531252286e+01,5.415658821054285532e+00,0.000000000000000000e+00,2.193212999999999968e-01
1.215002410411834717e+02,9.347136439721144541e+01,4.473439289900284166e+00,0.000000000000000000e+00,4.813512999999999820e-01
1.217502496242523193e+02,9.347655515136408155e+01,3.711972593358007888e+00,0.000000000000000000e+00,7.168685999999999670e-01
1.220001320838928223e+02,9.334485304622900514e+01,3.106459750782055274e+00,0.000000000000000000e+00,9.053126000000000229e-01
1.222502050399780273e+02,9.332765910597082382e+01,2.614732214366995322e+00,0.000000000000000000e+00,1.000000000000000000e+00
1.225001871585845947e+02,9.322294727485385124e+01,2.299765022100021206e+00,0.000000000000000000e+00,1.000000000000000000e+00
1.227502202987670898e+02,9.322785110196828384e+01,2.071100207525483405e+00,0.000000000000000000e+00,1.000000000000000000e+00
1.230002398490905762e+02,9.323186601603464396e+01,1.896498005887269134e+00,0.000000000000000000e+00,1.000000000000000000e+00
1.232501804828643799e+02,9.323515314965175094e+01,2.165907247826974746e+00,0.000000000000000000e+00,1.000000000000000000e+00
1.235001912117004395e+02,9.314720980357253666e+01,2.423655213986711576e+00,0.000000000000000000e+00,1.000000000000000000e+00
1.237502598762512207e+02,9.316584250506991793e+01,2.569626405474136011e+00,0.000000000000000000e+00,1.000000000000000000e+00
1.240002098083496094e+02,9.313578035906823516e+01,2.724320238412666573e+00,0.000000000000000000e+00,1.000000000000000000e+00
1.242502188682556152e+02,9.315648486736364475e+01,3.011660773377441203e+00,0.000000000000000000e+00,1.000000000000000000e+00
1.245002119541168213e+02,9.312811897330193744e+01,3.799344393377894313e+00,0.000000000000000000e+00,1.000000000000000000e+00
1.247502095699310303e+02,9.310489494349506856e+01,4.714506223966228760e+00,0.000000000000000000e+00,1.000000000000000000e+00
1.250002675056457520e+02,9.308588071608178893e+01,5.629111951214131437e+00,0.000000000000000000e+00,1.000000000000000000e+00
1.252502381801605225e+02,9.297967855989151076e+01,6.683993478441946579e+00,0.000000000000000000e+00,8.570993000000000084e-01
1.255001587867736816e+02,9.289272758857534029e+01,7.596157825343681225e+00,0.000000000000000000e+00,6.741781000000000024e-01
1.257501285076141357e+02,9.291217277780978634e+01,8.410686142508675189e+00,0.000000000000000000e+00,4.632014999999999882e-01
1.260001485347747803e+02,9.288277584050494795e+01,9.314593192299742697e+00,0.000000000000000000e+00,2.807685999999999793e-01
1.262502651214599609e+02,9.290402497561767348e+01,9.980965555706349690e+00,0.000000000000000000e+00,1.178628000000000037e-01
1.265001840591430664e+02,9.283078767254977492e+01,9.909018965793540801e+00,0.000000000000000000e+00,9.999998000000000339e-05
1.267502145767211914e+02,9.272550872852508519e+01,9.493555477395508646e+00,0.000000000000000000e+00,9.999998000000000339e-05
1.270001986026763916e+02,9.268463093113101081e+01,8.889821668483133266e+00,0.000000000000000000e+00,9.999998000000000339e-05
1.272502398490905762e+02,9.265116302128637926e+01,8.190984189457823916e+00,0.000000000000000000e+00,9.999998000000000339e-05
1.275001566410064697e+02,9.248780987906383189e+01,8.246307710544794389e+00,0.000000000000000000e+00,2.203567999999999846e-02
1.277501189708709717e+02,9.244470226137531199e+01,9.068489236124342767e+00,0.000000000000000000e+00,1.618032000000000081e-01
1.280001440048217773e+02,9.236409141735128969e+01,9.856475854423866423e+00,0.000000000000000000e+00,1.507384999999999975e-01
1.282501699924468994e+02,9.220745821685625288e+01,9.724780691346298411e+00,0.000000000000000000e+00,9.999998000000000339e-05
1.285002019405364990e+02,9.207921779865793610e+01,9.243803646551542741e+00,0.000000000000000000e+00,9.999998000000000339e-05
1.287502059936523438e+02,9.201954073622189867e+01,8.599003077816949059e+00,0.000000000000000000e+00,9.999998000000000339e-05
1.290002379417419434e+02,9.192536397822163963e+01,7.891146110672907277e+00,0.000000000000000000e+00,9.999998000000000339e-05
1.292502529621124268e+02,9.184825857022164541e+01,7.887928924016940790e+00,0.000000000000000000e+00,8.019940999999999875e-02
1.295001628398895264e+02,9.173981268973292913e+01,8.569909343291943316e+00,7.300766999999999673e-03,2.217708999999999930e-01
1.297502422332763672e+02,9.165102471233218751e+01,9.364631907380900344e+00,1.579612000000000030e-02,2.224144000000000121e-01
1.300001485347747803e+02,9.157833126473060759e+01,1.009429103588166221e+01,2.728326000000000015e-02,8.601817000000000490e-02
1.302501494884490967e+02,9.147349759190143459e+01,9.937410653282524819e+00,3.706577999999999956e-02,9.999998000000000339e-05
1.305001926422119141e+02,9.138766703999807817e+01,9.429175433650909710e+00,4.507503000000000204e-02,9.999998000000000339e-05
1.307501471042633057e+02,9.118144299240962880e+01,8.762721566886831681e+00,5.616418000000000105e-02,9.999998000000000339e-05
1.310002133846282959e+02,9.101260102262475016e+01,8.019876827394806895e+00,6.562084999999999446e-02,9.999998000000000339e-05
1.312501468658447266e+02,9.082904759782110204e+01,8.185253868188691939e+00,8.695853000000000610e-02,4.745571999999999985e-02
1.315002403259277344e+02,9.076940138756256715e+01,8.817984349541159617e+00,1.055612999999999968e-01,1.960247999999999990e-01
1.317501356601715088e+02,9.058461526572783384e+01,9.539857521198069179e+00,1.253237000000000101e-01,1.629492999999999914e-01
1.320002171993255615e+02,9.052395980850074864e+01,1.016473294390314663e+01,1.328178999999999887e-01,3.640314000000000050e-02
1.322501688003540039e+02,9.047429932032692079e+01,9.904761494405889266e+00,1.517936000000000007e-01,9.999998000000000339e-05
1.325002291202545166e+02,9.038832343971563432e+01,9.338011684321060102e+00,1.593990000000000129e-01,9.999998000000000339e-05
1.327502045631408691e+02,9.031793234223621880e+01,8.629666086616021303e+00,1.648705000000000032e-01,9.999998000000000339e-05
1.330002431869506836e+02,9.012434905079538794e+01,7.870446839300118569e+00,1.738819000000000059e-01,9.999998000000000339e-05
1.332501027584075928e+02,9.005649108027174066e+01,7.883636018836111425e+00,1.816375000000000073e-01,7.406682000000000543e-02
1.335001428127288818e+02,8.991029904950156038e+01,8.278874393794991349e+00,2.015823999999999949e-01,2.259106999999999921e-01
1.337501361370086670e+02,8.969997251459408005e+01,8.743240090637561579e+00,2.099814000000000125e-01,2.232728999999999964e-01
1.340001833438873291e+02,8.961840633573800119e+01,9.243583074946851497e+00,2.251661000000000079e-01,1.442251999999999978e-01
1.342501859664916992e+02,8.950630828496696267e+01,9.698412435775463081e+00,2.474169999999999980e-01,5.135200999999999655e-02
1.345002422332763672e+02,8.945984747517113078e+01,9.502391962353982535e+00,2.573264000000000107e-01,9.999998000000000339e-05
1.347503225803375244e+02,8.937649126964787172e+01,8.981362521980214453e+00,2.692159000000000080e-01,9.999998000000000339e-05
1.350002486705780029e+02,8.921761035726507316e+01,8.314432444893085972e+00,2.747961999999999905e-01,9.999998000000000339e-05
1.352501559257507324e+02,8.913284697995069905e+01,7.808226028447618816e+00,2.835189000000000181e-01,3.727498000000000096e-03
1.355001301765441895e+02,8.910876590793917273e+01,8.183277895788497958e+00,3.001017000000000268e-01,1.371136000000000021e-01
1.357501745223999023e+02,8.908904999371624456e+01,8.835617354193006534e+00,3.099021000000000137e-01,2.383549000000000084e-01
1.360001463890075684e+02,8.907290796841688518e+01,9.491852386888476545e+00,3.130164999999999753e-01,1.633445000000000036e-01
1.362502179145812988e+02,8.901437468415683441e+01,9.941506635441289319e+00,3.151887999999999912e-01,3.287654999999999744e-02
1.365001609325408936e+02,8.896645168425447991e+01,9.699429235568588936e+00,3.169673000000000074e-01,9.999998000000000339e-05
1.367501738071441650e+02,8.892721565045467003e+01,9.146002036974783422e+00,3.229550999999999950e-01,9.999998000000000339e-05
1.370002596378326416e+02,8.889509190295396479e+01,8.456529948064742896e+00,3.282352000000000047e-01,9.999998000000000339e-05
1.372503046989440918e+02,8.882347389124052484e+01,7.730022574163473159e+00,3.325582000000000260e-01,9.999998000000000339e-05
1.375001978874206543e+02,8.885547264603742690e+01,7.690956953411880903e+00,3.360974999999999935e-01,1.086941000000000018e-01
1.377502329349517822e+02,8.888167101064985332e+01,8.110499739588219015e+00,3.435270999999999741e-01,2.539955999999999881e-01
1.380001444816589355e+02,8.885780310570790164e+01,8.591446978111303423e+00,3.409240000000000048e-01,2.618088000000000082e-01
1.382502489089965820e+02,8.888357902965087476e+01,8.994506947187776547e+00,3.380374999999999908e-01,1.779001000000000055e-01
1.385001151561737061e+02,8.899531719473300484e+01,9.347074373139605541e+00,3.402059000000000055e-01,8.171064000000000105e-02
1.387501504421234131e+02,8.908680066677824527e+01,9.149685509527063942e+00,3.378272999999999970e-01,1.098610999999999989e-03
1.390001161098480225e+02,8.916170099874003085e+01,8.642803853420659266e+00,3.264386000000000232e-01,9.999998000000000339e-05
1.392501716613769531e+02,8.913238958047188021e+01,7.994759071474893730e+00,3.163591000000000042e-01,9.999998000000000339e-05
1.395001401901245117e+02,8.919902604438043170e+01,8.163361573004294769e+00,3.081067000000000111e-01,7.143926000000000442e-02
1.397501466274261475e+02,8.925358336665873082e+01,8.728990220577518500e+00,3.104137000000000146e-01,2.010483000000000131e-01
1.400002064704895020e+02,8.929825112421356437e+01,9.357421656592727288e+00,3.039942999999999951e-01,1.673277999999999988e-01
1.402501461505889893e+02,8.947077392618625424e+01,9.953630410969681819e+00,2.979832000000000036e-01,5.420197999999999683e-02
1.405001537799835205e+02,8.952138902630746031e+01,9.749226420643829272e+00,2.930617999999999834e-01,9.999998000000000339e-05
1.407502491474151611e+02,8.965346378880782652e+01,9.234568148687019473e+00,2.754373999999999989e-01,9.999998000000000339e-05
1.410003132820129395e+02,8.971628014684185359e+01,8.570862919169210059e+00,2.689381000000000133e-01,9.999998000000000339e-05
1.412502033710479736e+02,8.990366176615216887e+01,7.842217661007613749e+00,2.553089000000000053e-01,9.999998000000000339e-05
1.415002202987670898e+02,9.005707686044308957e+01,7.827954914300942590e+00,2.479264999999999941e-01,8.582744999999999957e-02
1.417502350807189941e+02,9.022799982785592476e+01,8.118402100370953889e+00,2.286649000000000043e-01,2.315566000000000013e-01
1.420002439022064209e+02,9.036793971768415190e+01,8.657661414999074267e+00,2.117619000000000029e-01,2.344091000000000091e-01
1.422501592636108398e+02,9.061846474426037901e+01,9.192104529973320837e+00,1.933911000000000102e-01,1.763196999999999959e-01
1.425001611709594727e+02,9.077825997620351473e+01,9.698749441283039729e+00,1.779727999999999866e-01,6.846774999999999389e-02
1.427501733303070068e+02,9.095440655852108591e+01,9.456863678199255219e+00,1.517541000000000029e-01,9.999998000000000339e-05
1.430001721382141113e+02,9.118925780597507469e+01,8.921516919135111578e+00,1.336868999999999974e-01,9.999998000000000339e-05
1.432502131462097168e+02,9.133622043293387094e+01,8.262115969496166556e+00,1.147405999999999981e-01,9.999998000000000339e-05
1.435001716613769531e+02,9.154717787863918943e+01,8.647163396336903674e+00,8.978754999999999376e-02,1.569662000000000140e-02
1.437501530647277832e+02,9.176521253875941397e+01,9.220725868333774500e+00,7.313417999999999308e-02,1.475769000000000108e-01
1.440002310276031494e+02,9.198904153196724565e+01,9.811135056042566305e+00,5.081373000000000140e-02,7.056737000000000426e-02
1.442502579689025879e+02,9.221761452386749625e+01,9.658450327778133726e+00,2.725228000000000025e-02,9.999998000000000339e-05
1.445002515316009521e+02,9.245007157338976356e+01,9.165599125598232533e+00,3.052411000000000100e-03,9.999998000000000339e-05
1.447501537799835205e+02,9.264039130860342652e+01,8.513732050974445187e+00,0.000000000000000000e+00,9.999998000000000339e-05
1.450002076625823975e+02,9.288684655220151853e+01,7.814693837558880141e+00,0.000000000000000000e+00,9.999998000000000339e-05
1.452501521110534668e+02,9.304330972766209129e+01,8.021247273564148017e+00,0.000000000000000000e+00,9.725364999999999704e-02
1.455002443790435791e+02,9.326204556459690309e+01,8.724864289328095879e+00,0.000000000000000000e+00,2.370614000000000055e-01
1.457501804828643799e+02,9.357708325628721013e+01,9.279696048168673883e+00,0.000000000000000000e+00,1.957505999999999968e-01
1.460001106262207031e+02,9.374437967939174143e+01,9.804318968185990357e+00,0.000000000000000000e+00,5.502718000000000192e-02
1.462501721382141113e+02,9.397198502932837982e+01,9.646895333924970117e+00,0.000000000000000000e+00,9.999998000000000339e-05
1.465001416206359863e+02,9.406769790542557530e+01,9.140165250740251324e+00,0.000000000000000000e+00,9.999998000000000339e-05
1.467501773834228516e+02,9.441796485093492208e+01,8.499546816549811368e+00,0.000000000000000000e+00,9.999998000000000339e-05
1.470001952648162842e+02,9.456878723581858992e+01,7.801088525949126939e+00,0.000000000000000000e+00,9.999998000000000339e-05
1.472502393722534180e+02,9.469227016057541846e+01,8.162830064845291389e+00,0.000000000000000000e+00,1.000907000000000047e-01
1.475002319812774658e+02,9.479336942855384507e+01,8.790289925926462189e+00,0.000000000000000000e+00,2.397824000000000066e-01
1.477502100467681885e+02,9.501209444355296796e+01,9.412257354007607546e+00,0.000000000000000000e+00,1.674341000000000024e-01
1.480002191066741943e+02,9.514585402806969228e+01,9.940068563369841570e+00,0.000000000000000000e+00,4.194202999999999820e-02
1.482502498626708984e+02,9.530068442516297011e+01,9.792556804911237478e+00,0.000000000000000000e+00,9.999998000000000339e-05
1.485002467632293701e+02,9.542744883277451606e+01,9.309915325305414768e+00,0.000000000000000000e+00,9.999998000000000339e-05
1.487501299381256104e+02,9.548591743995129377e+01,8.660432811424115584e+00,0.000000000000000000e+00,9.999998000000000339e-05
1.490001752376556396e+02,9.566973942192807101e+01,7.963346911221008462e+00,0.000000000000000000e+00,9.999998000000000339e-05
1.492501447200775146e+02,9.577492281993369261e+01,8.188094328187162318e+00,0.000000000000000000e+00,6.791347999999999829e-02
1.495002174377441406e+02,9.595167432605515501e+01,8.836241675606771651e+00,0.000000000000000000e+00,2.073307000000000067e-01
1.497501976490020752e+02,9.605106890803914155e+01,9.341632721136665651e+00,0.000000000000000000e+00,1.623812000000000033e-01
1.500000863075256348e+02,9.613244630899876597e+01,9.782671181794357906e+00,0.000000000000000000e+00,3.275167999999999829e-02
1.502502095699310303e+02,9.610843786630896091e+01,9.647094984797988104e+00,0.000000000000000000e+00,9.999998000000000339e-05
1.505001356601715088e+02,9.604346410421480584e+01,9.180863777508079693e+00,0.000000000000000000e+00,9.999998000000000339e-05
1.507501997947692871e+02,9.608090271050613751e+01,8.552119108581210938e+00,0.000000000000000000e+00,9.999998000000000339e-05
1.510001549720764160e+02,9.602092022536824345e+01,7.875330959706001721e+00,0.000000000000000000e+00,9.999998000000000339e-05
1.512502081394195557e+02,9.601712803187029976e+01,8.090807533518736605e+00,0.000000000000000000e+00,8.957623000000000668e-02
1.515002570152282715e+02,9.592338862297089008e+01,8.584618037695960879e+00,0.000000000000000000e+00,2.249338999999999922e-01
1.517502162456512451e+02,9.584664128612959644e+01,9.186113259307854051e+00,0.000000000000000000e+00,1.818385999999999891e-01
1.520002496242523193e+02,9.587444050470180912e+01,9.711768106874856699e+00,0.000000000000000000e+00,8.307644999999999613e-02
1.522502086162567139e+02,9.585188326812792070e+01,9.610287037381896269e+00,0.000000000000000000e+00,9.999998000000000339e-05
1.525002744197845459e+02,9.569746302964890106e+01,9.182591668494046289e+00,0.000000000000000000e+00,9.999998000000000339e-05
1.527502343654632568e+02,9.566166905496950790e+01,8.574112377326210677e+00,0.000000000000000000e+00,9.999998000000000339e-05
1.530002775192260742e+02,9.554172880366358811e+01,7.905950239389074596e+00,0.000000000000000000e+00,9.999998000000000339e-05
1.532502334117889404e+02,9.539821271965701044e+01,8.039494875587585909e+00,0.000000000000000000e+00,8.517756999999999412e-02
1.535001888275146484e+02,9.532602899985000988e+01,8.649483134610779445e+00,0.000000000000000000e+00,2.188101000000000074e-01
1.537501127719879150e+02,9.526692996857245532e+01,9.246523646911887440e+00,0.000000000000000000e+00,1.921010999999999969e-01
1.540001707077026367e+02,9.508259183899689049e+01,9.751270829278213981e+00,0.000000000000000000e+00,7.010341000000000489e-02
1.542502155303955078e+02,9.493166854334850768e+01,9.653250421297975947e+00,0.000000000000000000e+00,9.999998000000000339e-05
1.545001485347747803e+02,9.485342031157578901e+01,9.218430920144664142e+00,0.000000000000000000e+00,9.999998000000000339e-05
1.547502491474151611e+02,9.469872145438849032e+01,8.618723020949619951e+00,0.000000000000000000e+00,9.999998000000000339e-05
1.550002324581146240e+02,9.452674743081271913e+01,7.937827508093317164e+00,0.000000000000000000e+00,9.999998000000000339e-05
1.552502112388610840e+02,9.429531238551967931e+01,8.023772604034761002e+00,0.000000000000000000e+00,7.625543999999999378e-02
1.555001499652862549e+02,9.415114670832876698e+01,8.562261433064703553e+00,0.000000000000000000e+00,2.124346000000000012e-01
1.557502269744873047e+02,9.398779652314375710e+01,9.129971076959336074e+00,0.000000000000000000e+00,1.952455999999999914e-01
1.560001647472381592e+02,9.385405670301180692e+01,9.663810626617539867e+00,0.000000000000000000e+00,8.754776000000000225e-02
1.562501931190490723e+02,9.365392517589765475e+01,9.543805739837500468e+00,0.000000000000000000e+00,9.999998000000000339e-05
1.565001473426818848e+02,9.358070596344984438e+01,9.119531700651705819e+00,0.000000000000000000e+00,9.999998000000000339e-05
1.567501809597015381e+02,9.333948989558064113e+01,8.522483242365577638e+00,0.000000000000000000e+00,9.999998000000000339e-05
1.570002083778381348e+02,9.318731619441010139e+01,7.870318139933521806e+00,0.000000000000000000e+00,9.999998000000000339e-05
1.572502176761627197e+02,9.306272690545208093e+01,7.918049570128889769e+00,0.000000000000000000e+00,9.550340000000000218e-02
1.575002343654632568e+02,9.291540451134751777e+01,8.495616973364112923e+00,0.000000000000000000e+00,2.259365000000000123e-01
1.577502450942993164e+02,9.270415251321603023e+01,9.133824848485755155e+00,0.000000000000000000e+00,2.163902000000000048e-01
1.580001175403594971e+02,9.253119400569661934e+01,9.670948313236433336e+00,0.000000000000000000e+00,1.008766999999999997e-01
1.582501521110534668e+02,9.234427024485350444e+01,9.597445208252644022e+00,0.000000000000000000e+00,9.999998000000000339e-05
1.585001788139343262e+02,9.214591270163973036e+01,9.150171460838876669e+00,0.000000000000000000e+00,9.999998000000000339e-05
1.587501344680786133e+02,9.193819396917513131e+01,8.549560380244434654e+00,0.000000000000000000e+00,9.999998000000000339e-05
1.590002253055572510e+02,9.176812825491597891e+01,7.880538119201669467e+00,0.000000000000000000e+00,9.999998000000000339e-05
1.592501428127288818e+02,9.149293828941632967e+01,8.049930583457760136e+00,4.964666000000000391e-03,9.008797999999999806e-02
1.595002005100250244e+02,9.135826642518429708e+01,8.697855648507934134e+00,2.370223999999999942e-02,2.238924999999999943e-01
1.597501621246337891e+02,9.120268911663268341e+01,9.317325961730928086e+00,5.263845999999999803e-02,1.900139999999999885e-01
1.600001943111419678e+02,9.102999587790988301e+01,9.845748300832235955e+00,6.839889999999999859e-02,6.042891000000000234e-02
1.602502114772796631e+02,9.079797198905787070e+01,9.741223141717206602e+00,8.507892000000000232e-02,9.999998000000000339e-05
1.605001800060272217e+02,9.060800689580598544e+01,9.595900648386335163e+00,1.036447000000000063e-01,0.000000000000000000e+00
1.607502083778381348e+02,9.040715932021883816e+01,9.490197357434690062e+00,1.282861999999999891e-01,0.000000000000000000e+00
1.610002179145812988e+02,9.010676729821297215e+01,9.426224837634535447e+00,1.492162999999999962e-01,0.000000000000000000e+00
1.612501978874206543e+02,8.995146173527848532e+01,9.399073996723927849e+00,1.708841000000000110e-01,0.000000000000000000e+00
1.615002048015594482e+02,8.973367367131893957e+01,9.366887467295811120e+00,2.025971000000000022e-01,0.000000000000000000e+00
1.617502272129058838e+02,8.955536388570193651e+01,9.375718276491751269e+00,2.206308999999999909e-01,0.000000000000000000e+00
1.620002918243408203e+02,8.945469349237305323e+01,9.389586592646562480e+00,2.437039000000000011e-01,0.000000000000000000e+00
1.622502260208129883e+02,8.928163692196923762e+01,9.426166437977583357e+00,2.633498000000000228e-01,0.000000000000000000e+00
1.625002288818359375e+02,8.904931556229642808e+01,9.434209093802399693e+00,2.749026999999999998e-01,0.000000000000000000e+00
1.627501113414764404e+02,8.894974154399642430e+01,9.453406577663432842e+00,2.930474000000000134e-01,0.000000000000000000e+00
1.630001103878021240e+02,8.873226529781513250e+01,9.484392275481173584e+00,3.177216999999999958e-01,0.000000000000000000e+00
1.632501418590545654e+02,8.846357618354154795e+01,9.504450574063064039e+00,3.296150999999999942e-01,0.000000000000000000e+00
1.635001482963562012e+02,8.819827483093797582e+01,9.549459080206080586e+00,3.521925000000000194e-01,0.000000000000000000e+00
1.637501919269561768e+02,8.798106445472822656e+01,9.615517204630506853e+00,3.808736999999999817e-01,0.000000000000000000e+00
1.640002152919769287e+02,8.784854495156818643e+01,9.668937214605207942e+00,4.096429999999999794e-01,0.000000000000000000e+00
1.642502629756927490e+02,8.774004715894844253e+01,9.707363174474153311e+00,4.335747999999999824e-01,0.000000000000000000e+00
1.645002207756042480e+02,8.760589936775906494e+01,9.761393523469660494e+00,4.486368000000000023e-01,0.000000000000000000e+00
1.647502021789550781e+02,8.754138575738535621e+01,9.777085544748254975e+00,4.605909999999999727e-01,0.000000000000000000e+00
1.650002100467681885e+02,8.730729723365828931e+01,9.801881991365599234e+00,4.749098999999999959e-01,0.000000000000000000e+00
1.652502443790435791e+02,8.720627638380132396e+01,9.818200756884905900e+00,4.824791999999999970e-01,0.000000000000000000e+00
1.655002446174621582e+02,8.712356750732135424e+01,9.844837954250893475e+00,5.064256000000000313e-01,0.000000000000000000e+00
1.657501847743988037e+02,8.705585120659466725e+01,9.916434239539082540e+00,5.184784999999999533e-01,0.000000000000000000e+00
1.660001983642578125e+02,8.704572710043555617e+01,9.987665034311502765e+00,5.275912999999999853e-01,0.000000000000000000e+00
1.662501323223114014e+02,8.703743818337568428e+01,1.007319964129074208e+01,5.350519999999999721e-01,0.000000000000000000e+00
1.665001699924468994e+02,8.694001716860803697e+01,1.012796295850131045e+01,5.366288000000000169e-01,0.000000000000000000e+00
1.667501869201660156e+02,8.699620752301321147e+01,1.019536920437642635e+01,5.375421000000000227e-01,0.000000000000000000e+00
1.670001971721649170e+02,8.695157767073007449e+01,1.028511756544207323e+01,5.473531999999999842e-01,0.000000000000000000e+00
1.672502121925354004e+02,8.700567246162155755e+01,1.038714177699767482e+01,5.425461999999999785e-01,0.000000000000000000e+00
1.675001890659332275e+02,8.709527884223622607e+01,1.043876693640603470e+01,5.465406999999999904e-01,0.000000000000000000e+00
1.677502255439758301e+02,8.712332502998697237e+01,1.051360268764069161e+01,5.415031999999999623e-01,0.000000000000000000e+00
1.680001459121704102e+02,8.723692192986609939e+01,1.057951894940480919e+01,5.320916999999999453e-01,0.000000000000000000e+00
1.682501609325408936e+02,8.728460989352096533e+01,1.068592962586604145e+01,5.285404999999999687e-01,0.000000000000000000e+00
1.685002188682556152e+02,8.741428811937788623e+01,1.076043860493984994e+01,5.169470000000000454e-01,0.000000000000000000e+00
1.687501945495605469e+02,8.756577698262204024e+01,1.086127168911419361e+01,5.112314999999999499e-01,0.000000000000000000e+00
1.690002207756042480e+02,8.773512288543935256e+01,1.094449028149916536e+01,4.978662999999999839e-01,0.000000000000000000e+00
1.692502355575561523e+02,8.787377158398365395e+01,1.105112549035884051e+01,4.816367999999999761e-01,0.000000000000000000e+00
1.695001666545867920e+02,8.794197022562559596e+01,1.114042316423682166e+01,4.634398000000000128e-01,0.000000000000000000e+00
1.697501425743103027e+02,8.813375848604751184e+01,1.122083544128507171e+01,4.481636999999999982e-01,0.000000000000000000e+00
1.700001616477966309e+02,8.833609874466478118e+01,1.129397297069551875e+01,4.401884999999999826e-01,0.000000000000000000e+00
1.702501833438873291e+02,8.859239556044148856e+01,1.138443122449127287e+01,4.204413000000000178e-01,0.000000000000000000e+00
1.705002422332763672e+02,8.880223364543384434e+01,1.148371760714525891e+01,3.986089999999999911e-01,0.000000000000000000e+00
1.707501609325408936e+02,8.901935185051459598e+01,1.155571274769625489e+01,3.712930999999999870e-01,0.000000000000000000e+00
1.710002083778381348e+02,8.919711320206729965e+01,1.162461450307095134e+01,3.481735000000000246e-01,0.000000000000000000e+00
1.712501809597015381e+02,8.943328651075320579e+01,1.168301863816094510e+01,3.247129999999999739e-01,0.000000000000000000e+00
1.715001542568206787e+02,8.971728348509154216e+01,1.175406917904403947e+01,3.051275999999999988e-01,0.000000000000000000e+00
1.717501342296600342e+02,9.004043516522443724e+01,1.179232620242100005e+01,2.800289000000000250e-01,0.000000000000000000e+00
1.720002388954162598e+02,9.035032669538857419e+01,1.182763088933581663e+01,2.496609999999999940e-01,0.000000000000000000e+00
1.722501494884490967e+02,9.064936173298283961e+01,1.185653592224076824e+01,2.149793000000000120e-01,0.000000000000000000e+00
1.725002107620239258e+02,9.093950822623959596e+01,1.189878871017816664e+01,1.812970999999999888e-01,0.000000000000000000e+00
1.727501716613769531e+02,9.108642545970563731e+01,1.194134915046801915e+01,1.488112000000000046e-01,0.000000000000000000e+00
1.730002217292785645e+02,9.147861498728445895e+01,1.195495174875106947e+01,1.173045999999999950e-01,0.000000000000000000e+00
1.732502057552337646e+02,9.179971261454835485e+01,1.196011397990861802e+01,1.001949000000000034e-01,0.000000000000000000e+00
1.735001559257507324e+02,9.210792242846018496e+01,1.196566734819927014e+01,5.975165999999999811e-02,0.000000000000000000e+00
1.737502093315124512e+02,9.249621521670175639e+01,1.199145700464878672e+01,2.437363000000000030e-02,0.000000000000000000e+00
1.740002374649047852e+02,9.285943977536402372e+01,1.199066540100479550e+01,0.000000000000000000e+00,0.000000000000000000e+00
1.742502455711364746e+02,9.329277482700551616e+01,1.198935384531347736e+01,0.000000000000000000e+00,0.000000000000000000e+00
1.745001714229583740e+02,9.369287687190154656e+01,1.199159907424576232e+01,0.000000000000000000e+00,0.000000000000000000e+00
1.747501282691955566e+02,9.397513540869680071e+01,1.201136121535597390e+01,0.000000000000000000e+00,0.000000000000000000e+00
1.750002167224884033e+02,9.434218108828139293e+01,1.202422204811842832e+01,0.000000000000000000e+00,0.000000000000000000e+00
1.752502171993255615e+02,9.477864460913320954e+01,1.202479267498534732e+01,0.000000000000000000e+00,0.000000000000000000e+00
1.755002026557922363e+02,9.522662533971229948e+01,1.202791545921723326e+01,0.000000000000000000e+00,0.000000000000000000e+00
1.757501955032348633e+02,9.563871825235425206e+01,1.202980873325937239e+01,0.000000000000000000e+00,0.000000000000000000e+00
1.760002131462097168e+02,9.611206332825121024e+01,1.204463497458624488e+01,0.000000000000000000e+00,0.000000000000000000e+00
1.762502105236053467e+02,9.659024012216708854e+01,1.204084192020113342e+01,0.000000000000000000e+00,0.000000000000000000e+00
1.765002446174621582e+02,9.698173816875424791e+01,1.204171891528282323e+01,0.000000000000000000e+00,0.000000000000000000e+00
1.767502369880676270e+02,9.743822159445663544e+01,1.203911789821535727e+01,0.000000000000000000e+00,0.000000000000000000e+00
1.770001826286315918e+02,9.790259323681056003e+01,1.205092978333371612e+01,0.000000000000000000e+00,0.000000000000000000e+00
1.772501487731933594e+02,9.837342320472406243e+01,1.205130686264224771e+01,0.000000000000000000e+00,0.000000000000000000e+00
1.775001187324523926e+02,9.871358886719507097e+01,1.204564095468994189e+01,0.000000000000000000e+00,0.000000000000000000e+00
1.777501420974731445e+02,9.917336220312324713e+01,1.204299425062895246e+01,0.000000000000000000e+00,0.000000000000000000e+00
1.780001575946807861e+02,9.959511008442339630e+01,1.205344002682075910e+01,0.000000000000000000e+00,0.000000000000000000e+00
1.782502169609069824e+02,1.000310426683503238e+02,1.206730168127110758e+01,0.000000000000000000e+00,0.000000000000000000e+00
1.785001749992370605e+02,1.003879540810800393e+02,1.205674425556762230e+01,0.000000000000000000e+00,0.000000000000000000e+00
1.787501530647277832e+02,1.008161203659978895e+02,1.204345463567223007e+01,0.000000000000000000e+00,0.000000000000000000e+00
1.790002057552337646e+02,1.012119905826217803e+02,1.204186768945684882e+01,0.000000000000000000e+00,0.000000000000000000e+00
1.792501480579376221e+02,1.015814190149299208e+02,1.205583671645507593e+01,0.000000000000000000e+00,0.000000000000000000e+00
1.795002148151397705e+02,1.018385641217914781e+02,1.204337505093490179e+01,0.000000000000000000e+00,0.000000000000000000e+00
1.797502110004425049e+02,1.021397313522435581e+02,1.203450100571890324e+01,0.000000000000000000e+00,0.000000000000000000e+00
1.800002672672271729e+02,1.024769408490950156e+02,1.202789899744009539e+01,0.000000000000000000e+00,0.000000000000000000e+00
