5.004248619079589844e-01,3.900000000000000000e+01,6.394958000000000586e-02,0.000000000000000000e+00,0.000000000000000000e+00
1.000208616256713867e+00,3.900000000000000000e+01,6.394958000000000586e-02,0.000000000000000000e+00,0.000000000000000000e+00
1.500296115875244141e+00,3.892617202242968233e+01,6.827543879904081348e-02,0.000000000000000000e+00,0.000000000000000000e+00
2.000504016876220703e+00,3.887414632594785502e+01,7.024235527276956326e-02,0.000000000000000000e+00,0.000000000000000000e+00
2.500278472900390625e+00,3.883748443727779431e+01,6.838402378599714448e-02,0.000000000000000000e+00,0.000000000000000000e+00
3.000290155410766602e+00,3.881164924098540325e+01,6.491155327411804454e-02,0.000000000000000000e+00,0.000000000000000000e+00
3.500281572341918945e+00,3.894109944100325293e+01,6.138307996273720257e-02,0.000000000000000000e+00,0.000000000000000000e+00
4.000484704971313477e+00,3.903232145516754059e+01,6.430392739099867472e-02,0.000000000000000000e+00,0.000000000000000000e+00
4.500360488891601562e+00,3.909660452206926351e+01,7.068807258462088405e-02,0.000000000000000000e+00,0.000000000000000000e+00
5.000344276428222656e+00,3.914190403368549909e+01,6.977958016680041453e-02,0.000000000000000000e+00,0.000000000000000000e+00
5.500306844711303711e+00,3.909999808242121588e+01,6.805791168060236485e-02,0.000000000000000000e+00,0.000000000000000000e+00
6.000281810760498047e+00,3.914429543524726540e+01,6.576321065729345827e-02,0.000000000000000000e+00,0.000000000000000000e+00
6.500286579132080078e+00,3.917551125218984964e+01,6.198323277718191526e-02,0.000000000000000000e+00,0.000000000000000000e+00
7.000294685363769531e+00,3.912368068902980411e+01,6.364538323158883126e-02,0.000000000000000000e+00,0.000000000000000000e+00
7.500239133834838867e+00,3.908715630848750777e+01,6.914253965917074862e-02,0.000000000000000000e+00,0.000000000000000000e+00
8.000372171401977539e+00,3.906141801253500034e+01,6.977192622172778691e-02,0.000000000000000000e+00,0.000000000000000000e+00
8.500289201736450195e+00,3.904328054192760789e+01,7.345984153547133189e-02,0.000000000000000000e+00,0.000000000000000000e+00
9.000341892242431641e+00,3.895667130484262941e+01,7.173281273391685087e-02,0.000000000000000000e+00,0.000000000000000000e+00
9.500240564346313477e+00,3.896946678457955215e+01,7.267872550638063145e-02,0.000000000000000000e+00,0.000000000000000000e+00
1.000026464462280273e+01,3.897848360675239832e+01,6.793797842536675180e-02,0.000000000000000000e+00,0.000000000000000000e+00
1.050024151802062988e+01,3.898483765394470879e+01,6.892308626692922324e-02,0.000000000000000000e+00,0.000000000000000000e+00
1.100024867057800293e+01,3.906314325289296363e+01,7.069874472972700885e-02,0.000000000000000000e+00,0.000000000000000000e+00
1.150023365020751953e+01,3.904449629825976587e+01,7.086856540010864902e-02,0.000000000000000000e+00,0.000000000000000000e+00
1.200022435188293457e+01,3.888370005627958648e+01,7.206970070367484105e-02,0.000000000000000000e+00,0.000000000000000000e+00
1.250030970573425293e+01,3.899187279239558990e+01,6.426441180127609454e-02,0.000000000000000000e+00,0.000000000000000000e+00
1.300024485588073730e+01,3.899427285359850259e+01,6.633436762014435772e-02,1.000000000000000000e+00,0.000000000000000000e+00
1.350023698806762695e+01,3.899596414814278944e+01,7.211889963098558343e-02,1.000000000000000000e+00,0.000000000000000000e+00
1.400011491775512695e+01,3.899715598326435639e+01,6.970640224506081950e-02,1.000000000000000000e+00,0.000000000000000000e+00
1.450015759468078613e+01,3.899799585527943435e+01,7.016927347024251582e-02,1.000000000000000000e+00,0.000000000000000000e+00
1.500023412704467773e+01,3.899858770308534872e+01,7.157691800946175409e-02,1.000000000000000000e+00,0.000000000000000000e+00
1.550034260749816895e+01,3.907283274875542389e+01,6.716154780512523237e-02,1.000000000000000000e+00,0.000000000000000000e+00
1.600023555755615234e+01,3.897749639301910207e+01,5.215397731306818663e-02,1.000000000000000000e+00,0.000000000000000000e+00
1.650035715103149414e+01,3.920562590889581145e+01,5.671882397522530483e-02,1.000000000000000000e+00,0.000000000000000000e+00
1.700031828880310059e+01,3.944021403921775004e+01,5.344683180399752848e-02,1.000000000000000000e+00,0.000000000000000000e+00
1.750026202201843262e+01,3.945786954550435865e+01,5.114109789128044176e-02,1.000000000000000000e+00,0.000000000000000000e+00
1.800033354759216309e+01,3.976562308078376873e+01,5.384213346396900246e-02,1.000000000000000000e+00,0.000000000000000000e+00
1.850028133392333984e+01,4.013014928680463811e+01,5.790844750835049543e-02,1.000000000000000000e+00,0.000000000000000000e+00
1.900026798248291016e+01,4.068233847285918614e+01,5.644807473856035263e-02,1.000000000000000000e+00,0.000000000000000000e+00
1.950024747848510742e+01,4.121911557068393961e+01,6.407068208610222637e-02,1.000000000000000000e+00,0.000000000000000000e+00
2.000032734870910645e+01,4.181885993106578780e+01,6.295345745107522317e-02,1.000000000000000000e+00,0.000000000000000000e+00
2.050029468536376953e+01,4.246297657141380455e+01,6.865494780267347719e-02,1.000000000000000000e+00,0.000000000000000000e+00
2.100032067298889160e+01,4.328601778410829581e+01,7.267272014709091899e-02,1.000000000000000000e+00,0.000000000000000000e+00
2.150028848648071289e+01,4.416131703432303368e+01,8.199278761708345131e-02,1.000000000000000000e+00,0.000000000000000000e+00
2.200027799606323242e+01,4.507344190117036931e+01,8.099027230712148306e-02,1.000000000000000000e+00,0.000000000000000000e+00
2.250035929679870605e+01,4.601151734145523875e+01,8.028381170843063019e-02,1.000000000000000000e+00,0.000000000000000000e+00
2.300027799606323242e+01,4.711553579690355065e+01,9.384500366996473275e-02,1.000000000000000000e+00,0.000000000000000000e+00
2.350016522407531738e+01,4.818883636356892453e+01,1.023199523810058853e-01,1.000000000000000000e+00,0.000000000000000000e+00
2.400025820732116699e+01,4.931431837743795654e+01,1.061292243053713336e-01,1.000000000000000000e+00,0.000000000000000000e+00
2.450013303756713867e+01,5.047657203565570683e+01,1.163838346186502892e-01,1.000000000000000000e+00,0.000000000000000000e+00
2.500030899047851562e+01,5.159091025611504477e+01,1.279359833576890482e-01,1.000000000000000000e+00,0.000000000000000000e+00
2.550025725364685059e+01,5.289296697098333766e+01,1.339137214914665197e-01,1.000000000000000000e+00,0.000000000000000000e+00
2.600023722648620605e+01,5.417965071794090903e+01,1.467778858621166804e-01,1.000000000000000000e+00,0.000000000000000000e+00
2.650026249885559082e+01,5.545550131750816547e+01,1.623318797581442818e-01,1.000000000000000000e+00,0.000000000000000000e+00
2.700024199485778809e+01,5.672371792713529715e+01,1.678852852710270016e-01,1.000000000000000000e+00,0.000000000000000000e+00
2.750017929077148438e+01,5.791272697740427589e+01,1.880206597241412259e-01,1.000000000000000000e+00,0.000000000000000000e+00
2.800020527839660645e+01,5.926740333668882954e+01,2.011283565366361881e-01,1.000000000000000000e+00,0.000000000000000000e+00
2.850029063224792480e+01,6.051733954278144978e+01,2.146910708818007274e-01,1.000000000000000000e+00,0.000000000000000000e+00
2.900023317337036133e+01,6.184112256554504228e+01,2.296558628783008094e-01,1.000000000000000000e+00,0.000000000000000000e+00
2.950022816658020020e+01,6.314311658290999674e+01,2.380384500700701289e-01,1.000000000000000000e+00,0.000000000000000000e+00
3.000026893615722656e+01,6.428210019254305507e+01,2.558416681693817529e-01,1.000000000000000000e+00,0.000000000000000000e+00
3.050029253959655762e+01,6.545386826448790885e+01,2.748761544024779235e-01,1.000000000000000000e+00,0.000000000000000000e+00
3.100025177001953125e+01,6.672256713412204476e+01,2.926154066626110439e-01,1.000000000000000000e+00,0.000000000000000000e+00
3.150023674964904785e+01,6.798574400484442037e+01,3.159306934484445994e-01,1.000000000000000000e+00,0.000000000000000000e+00
3.200028014183044434e+01,6.924502958870223779e+01,3.323606983547976457e-01,1.000000000000000000e+00,0.000000000000000000e+00
3.250025796890258789e+01,7.035391707391228522e+01,3.342055418753637208e-01,1.000000000000000000e+00,0.000000000000000000e+00
3.300027251243591309e+01,7.143064878785922645e+01,3.528765955054133929e-01,1.000000000000000000e+00,0.000000000000000000e+00
3.350026082992553711e+01,7.255854869035167098e+01,3.703597411387641314e-01,1.000000000000000000e+00,0.000000000000000000e+00
3.400029611587524414e+01,7.364867822831428157e+01,3.805169526129309476e-01,1.000000000000000000e+00,0.000000000000000000e+00
3.450023841857910156e+01,7.478601941781869300e+01,4.049780655721701983e-01,1.000000000000000000e+00,0.000000000000000000e+00
3.500024080276489258e+01,7.566131818557929023e+01,4.200525970425279532e-01,1.000000000000000000e+00,0.000000000000000000e+00
3.550030016899108887e+01,7.679492664515790068e+01,4.544676573162652611e-01,1.000000000000000000e+00,0.000000000000000000e+00
3.600015711784362793e+01,7.781525095773830003e+01,4.884527256490804881e-01,1.000000000000000000e+00,0.000000000000000000e+00
3.650019288063049316e+01,7.875574528117510908e+01,5.156459837714153505e-01,1.000000000000000000e+00,0.000000000000000000e+00
3.700016880035400391e+01,7.978764031720069738e+01,5.445419341418322734e-01,1.000000000000000000e+00,0.000000000000000000e+00
3.750029397010803223e+01,8.073628839163875170e+01,5.778821366998523335e-01,1.000000000000000000e+00,0.000000000000000000e+00
3.800018477439880371e+01,8.162627332374080424e+01,6.002951186046573406e-01,1.000000000000000000e+00,0.000000000000000000e+00
3.850022697448730469e+01,8.254874701570352613e+01,6.388000357498996307e-01,1.000000000000000000e+00,0.000000000000000000e+00
3.900025057792663574e+01,8.342028717221947431e+01,6.713413009909632301e-01,1.000000000000000000e+00,0.000000000000000000e+00
3.950026488304138184e+01,8.432976305050912913e+01,7.040059282816792940e-01,1.000000000000000000e+00,0.000000000000000000e+00
4.000024151802062988e+01,8.519214380253727370e+01,7.421647960727141280e-01,1.000000000000000000e+00,0.000000000000000000e+00
4.050022792816162109e+01,8.602133718000513340e+01,7.863583427308470375e-01,1.000000000000000000e+00,0.000000000000000000e+00
4.100024294853210449e+01,8.682714380989133929e+01,8.272341939542224853e-01,1.000000000000000000e+00,0.000000000000000000e+00
4.150023150444030762e+01,8.761647007729948200e+01,8.690164899593335601e-01,1.000000000000000000e+00,0.000000000000000000e+00
4.200017762184143066e+01,8.854183878469575575e+01,9.157633347303035798e-01,1.000000000000000000e+00,0.000000000000000000e+00
4.250026702880859375e+01,8.941541902410726550e+01,9.660087855433574511e-01,1.000000000000000000e+00,0.000000000000000000e+00
4.300026869773864746e+01,9.017867656937481513e+01,1.011149341544824942e+00,1.000000000000000000e+00,0.000000000000000000e+00
4.350024461746215820e+01,9.101184698119408267e+01,1.057018267835100778e+00,1.000000000000000000e+00,0.000000000000000000e+00
4.400024533271789551e+01,9.174662820224980919e+01,1.116378245202026331e+00,1.000000000000000000e+00,0.000000000000000000e+00
4.450022983551025391e+01,9.233824775484707459e+01,1.170104563940332243e+00,1.000000000000000000e+00,0.000000000000000000e+00
4.500024962425231934e+01,9.305046691748836452e+01,1.231824881962734652e+00,1.000000000000000000e+00,0.000000000000000000e+00
4.550026583671569824e+01,9.377384321138208634e+01,1.291540233510434232e+00,1.000000000000000000e+00,0.000000000000000000e+00
4.600026798248291016e+01,9.435742584764417984e+01,1.355250165452285938e+00,1.000000000000000000e+00,0.000000000000000000e+00
4.650020122528076172e+01,9.506398149106600215e+01,1.417449301759520441e+00,1.000000000000000000e+00,0.000000000000000000e+00
4.700026202201843262e+01,9.585719474799019224e+01,1.483990959454291492e+00,1.000000000000000000e+00,0.000000000000000000e+00
4.750031280517578125e+01,9.634233470518134368e+01,1.560081628854818936e+00,9.197691000000000061e-01,0.000000000000000000e+00
4.800024318695068359e+01,9.712717492028252764e+01,1.641819940857527360e+00,3.719487000000000210e-01,0.000000000000000000e+00
4.850028920173645020e+01,9.775407044976691395e+01,1.736189832372491804e+00,0.000000000000000000e+00,0.000000000000000000e+00
4.900028586387634277e+01,9.849114817317375525e+01,1.836216455565817585e+00,7.284121999999999819e-02,0.000000000000000000e+00
4.950028324127197266e+01,9.915821402119618710e+01,1.925088963871407710e+00,4.725411999999999946e-01,0.000000000000000000e+00
5.000036215782165527e+01,9.977594333449634689e+01,2.034287050229143468e+00,9.286176000000000430e-01,0.000000000000000000e+00
5.050031113624572754e+01,1.002850778018194262e+02,2.151251814324808720e+00,7.931129000000000095e-01,0.000000000000000000e+00
5.100035643577575684e+01,1.007176867745776008e+02,2.265037910683566302e+00,1.636404999999999943e-01,0.000000000000000000e+00
5.150036668777465820e+01,1.012440250978966958e+02,2.384154358567012189e+00,0.000000000000000000e+00,0.000000000000000000e+00
5.200032830238342285e+01,1.018364133782131375e+02,2.513515930288530598e+00,1.307891999999999944e-01,0.000000000000000000e+00
5.250026392936706543e+01,1.023276903214114100e+02,2.640363638193560902e+00,7.318807999999999980e-01,0.000000000000000000e+00
5.300027108192443848e+01,1.027477153096069742e+02,2.783825089806319486e+00,9.994842000000000448e-01,0.000000000000000000e+00
5.350023841857910156e+01,1.031175298937429403e+02,2.921757873780075787e+00,3.140483000000000163e-02,0.000000000000000000e+00
5.400026392936706543e+01,1.033043058490175241e+02,3.073030846472090793e+00,0.000000000000000000e+00,0.000000000000000000e+00
5.450027823448181152e+01,1.035835805952860085e+02,3.244518813422964332e+00,0.000000000000000000e+00,0.000000000000000000e+00
5.500024867057800293e+01,1.038542101603109415e+02,3.419437723907286397e+00,0.000000000000000000e+00,0.000000000000000000e+00
5.550024127960205078e+01,1.039710916139394499e+02,3.597855516339667048e+00,0.000000000000000000e+00,0.000000000000000000e+00
5.600026774406433105e+01,1.040534565822204627e+02,3.795028629491202565e+00,0.000000000000000000e+00,0.000000000000000000e+00
5.650028514862060547e+01,1.039638422392375077e+02,3.984803259939464937e+00,0.000000000000000000e+00,0.000000000000000000e+00
5.700023770332336426e+01,1.039745200566397756e+02,4.185585750976492214e+00,0.000000000000000000e+00,0.000000000000000000e+00
5.750023341178894043e+01,1.039820445873873354e+02,4.407103127472926651e+00,0.000000000000000000e+00,0.000000000000000000e+00
5.800029182434082031e+01,1.039873470345858664e+02,4.634648299498142165e+00,2.549024000000000219e-16,0.000000000000000000e+00
5.850016713142395020e+01,1.037695996732620642e+02,4.862047241326672875e+00,6.613111000000000406e-01,0.000000000000000000e+00
5.900018095970153809e+01,1.036161557011695038e+02,5.086099135142802652e+00,5.118066999999999478e-01,0.000000000000000000e+00
5.950024294853210449e+01,1.034341975840264354e+02,5.352132306169972153e+00,0.000000000000000000e+00,0.000000000000000000e+00
6.000018763542175293e+01,1.030844899333370961e+02,5.611046933093450484e+00,0.000000000000000000e+00,0.000000000000000000e+00
6.050021266937255859e+01,1.027642271394424967e+02,5.883262518629939208e+00,0.000000000000000000e+00,0.000000000000000000e+00
6.100025224685668945e+01,1.022432298527236441e+02,6.135651575529974089e+00,0.000000000000000000e+00,0.000000000000000000e+00
6.150026965141296387e+01,1.017284333148564599e+02,6.395765975199708464e+00,0.000000000000000000e+00,0.000000000000000000e+00
6.200017023086547852e+01,1.011441783932820613e+02,6.639627470547969423e+00,0.000000000000000000e+00,0.000000000000000000e+00
6.250030493736267090e+01,1.008801168638296843e+02,6.929353417087865452e+00,0.000000000000000000e+00,0.000000000000000000e+00
6.300033164024353027e+01,1.004725519163607146e+02,7.223348999014014282e+00,0.000000000000000000e+00,0.000000000000000000e+00
6.350032067298889160e+01,1.000376897969518666e+02,7.454316578702925966e+00,3.205775999999999765e-02,0.000000000000000000e+00
6.400025677680969238e+01,9.958359168559397290e+01,7.724141423669519391e+00,6.327848000000000361e-01,0.000000000000000000e+00
6.450024104118347168e+01,9.918976617738597668e+01,7.952135087016070081e+00,1.000000000000000000e+00,0.000000000000000000e+00
6.500022912025451660e+01,9.861693012204310094e+01,8.114962665850532275e+00,5.433320999999999845e-01,0.000000000000000000e+00
6.550027728080749512e+01,9.821325937648153115e+01,8.306489075813239253e+00,0.000000000000000000e+00,0.000000000000000000e+00
6.600025415420532227e+01,9.778114145477576358e+01,8.565891626039590534e+00,0.000000000000000000e+00,0.000000000000000000e+00
6.650023770332336426e+01,9.718132119171441730e+01,8.796274007666113448e+00,0.000000000000000000e+00,0.000000000000000000e+00
6.700022554397583008e+01,9.661097904122249247e+01,9.050546124199804865e+00,0.000000000000000000e+00,0.000000000000000000e+00
6.750023913383483887e+01,9.613523774313595993e+01,9.257914406233552995e+00,1.261319999999999941e-01,0.000000000000000000e+00
6.800022315979003906e+01,9.565233256144642837e+01,9.511110583776376970e+00,5.724430999999999825e-01,0.000000000000000000e+00
6.850024056434631348e+01,9.538586300901667414e+01,9.730630519887853325e+00,8.613300999999999874e-01,0.000000000000000000e+00
6.900021886825561523e+01,9.512425711157644059e+01,9.945883217762808925e+00,5.863880000000000203e-01,0.000000000000000000e+00
6.950028181076049805e+01,9.486607857387980403e+01,1.026634589319907143e+01,5.175313999999999748e-01,0.000000000000000000e+00
7.000028538703918457e+01,9.453648727820335296e+01,1.046729800157540602e+01,9.099766000000000243e-01,0.000000000000000000e+00
7.050030899047851562e+01,9.452571215037616525e+01,1.071813652832691588e+01,1.000000000000000000e+00,0.000000000000000000e+00
7.100026679039001465e+01,9.444429106856081546e+01,1.098574034729291959e+01,3.935218999999999800e-01,0.000000000000000000e+00
7.150028228759765625e+01,9.431308662438320312e+01,1.127063650393884942e+01,0.000000000000000000e+00,0.000000000000000000e+00
7.200015306472778320e+01,9.436828437039372375e+01,1.151898304043749732e+01,0.000000000000000000e+00,0.000000000000000000e+00
7.250032258033752441e+01,9.440718156458666499e+01,1.167452292570524541e+01,6.417851000000000024e-04,0.000000000000000000e+00
7.300024747848510742e+01,9.450841993162822519e+01,1.177115402499188335e+01,2.591781000000000224e-01,0.000000000000000000e+00
7.350024127960205078e+01,9.435827747039401459e+01,1.185979661247297656e+01,6.148031000000000468e-01,0.000000000000000000e+00
7.400031948089599609e+01,9.440012982134186359e+01,1.188765438534688634e+01,1.000000000000000000e+00,0.000000000000000000e+00
7.450023961067199707e+01,9.465110660729249048e+01,1.191701890666009156e+01,8.782896999999999510e-01,0.000000000000000000e+00
7.500024318695068359e+01,9.482796695914780116e+01,1.193338541560417809e+01,5.603164999999999951e-01,0.000000000000000000e+00
7.550023579597473145e+01,9.510025429778433192e+01,1.198493346337046539e+01,4.830928999999999918e-01,0.000000000000000000e+00
7.600028681755065918e+01,9.543978789744335245e+01,1.199746547806825347e+01,5.616238999999999537e-01,0.000000000000000000e+00
7.650028514862060547e+01,9.575288115875270023e+01,1.199223979263657824e+01,4.325394000000000183e-01,0.000000000000000000e+00
7.700028371810913086e+01,9.597351425096857724e+01,1.199504531702113930e+01,8.270077999999999934e-04,0.000000000000000000e+00
7.750025153160095215e+01,9.620281974082124066e+01,1.200891750038648453e+01,0.000000000000000000e+00,0.000000000000000000e+00
7.800026822090148926e+01,9.651206454356817233e+01,1.203816002390817985e+01,0.000000000000000000e+00,0.000000000000000000e+00
7.850036525726318359e+01,9.672998567287135074e+01,1.201767127651249289e+01,0.000000000000000000e+00,0.000000000000000000e+00
7.900026321411132812e+01,9.688355209718935157e+01,1.200755941973511831e+01,1.100455999999999934e-01,0.000000000000000000e+00
7.950025677680969238e+01,9.706559650495725577e+01,1.201340972003692187e+01,7.293374999999999719e-01,0.000000000000000000e+00
8.000028705596923828e+01,9.719388103091120001e+01,1.202293951805813066e+01,1.000000000000000000e+00,0.000000000000000000e+00
8.050025296211242676e+01,9.750576554115711758e+01,1.200153840624321866e+01,9.173105999999999760e-01,0.000000000000000000e+00
8.100023722648620605e+01,9.757789088575452752e+01,1.199294530030939399e+01,1.456922999999999968e-01,0.000000000000000000e+00
8.150022745132446289e+01,9.777637271219983006e+01,1.199013531879812611e+01,0.000000000000000000e+00,0.000000000000000000e+00
8.200030708312988281e+01,9.791624049132144592e+01,1.201519096368105721e+01,0.000000000000000000e+00,0.000000000000000000e+00
8.250026130676269531e+01,9.794097567183354158e+01,1.200905705071802032e+01,0.000000000000000000e+00,0.000000000000000000e+00
8.300027036666870117e+01,9.810606221407809358e+01,1.200473455530959654e+01,0.000000000000000000e+00,0.000000000000000000e+00
8.350022268295288086e+01,9.822239673417067252e+01,1.200276938586904762e+01,0.000000000000000000e+00,0.000000000000000000e+00
8.400024867057800293e+01,9.830437628490305713e+01,1.202409404027064355e+01,1.771307999999999910e-02,0.000000000000000000e+00
8.450017189979553223e+01,9.836214629790465835e+01,1.203371410916756545e+01,9.718271000000000548e-02,0.000000000000000000e+00
8.500030064582824707e+01,9.847668411558009893e+01,1.201129281545288663e+01,6.833715999999999680e-01,0.000000000000000000e+00
8.550023603439331055e+01,9.870505350665899869e+01,1.199981911630168874e+01,1.000000000000000000e+00,0.000000000000000000e+00
8.600026369094848633e+01,9.879215471903830803e+01,1.200471269562168430e+01,1.000000000000000000e+00,0.000000000000000000e+00
8.650028610229492188e+01,9.892736188357237381e+01,1.202330178432470298e+01,1.944993999999999890e-01,0.000000000000000000e+00
8.700017070770263672e+01,9.894881278449383899e+01,1.200828169363546039e+01,0.000000000000000000e+00,0.000000000000000000e+00
8.750030636787414551e+01,9.918541291159792195e+01,1.200851153677475658e+01,0.000000000000000000e+00,0.000000000000000000e+00
8.800025415420532227e+01,9.935214220319409151e+01,1.200218550182864341e+01,0.000000000000000000e+00,0.000000000000000000e+00
8.850021958351135254e+01,9.946963434918913549e+01,1.202800890362721553e+01,0.000000000000000000e+00,0.000000000000000000e+00
8.900023555755615234e+01,9.955242966510735414e+01,1.202673938618494809e+01,0.000000000000000000e+00,0.000000000000000000e+00
8.950025105476379395e+01,9.961077453811941496e+01,1.201503045020919025e+01,0.000000000000000000e+00,0.000000000000000000e+00
9.000023794174194336e+01,9.972571745279749678e+01,1.200353382458980533e+01,0.000000000000000000e+00,0.000000000000000000e+00
9.050024127960205078e+01,9.980671635576868539e+01,1.202247104794922272e+01,0.000000000000000000e+00,0.000000000000000000e+00
9.100034809112548828e+01,9.978996734040245542e+01,1.202391776683771241e+01,3.847577999999999832e-01,0.000000000000000000e+00
9.150029301643371582e+01,9.992582046389998141e+01,1.200547324440096553e+01,1.000000000000000000e+00,0.000000000000000000e+00
9.200027036666870117e+01,9.987389858683914667e+01,1.197733496747911630e+01,7.487576000000000231e-01,0.000000000000000000e+00
9.250028920173645020e+01,9.998496581361916924e+01,1.195858710045871298e+01,0.000000000000000000e+00,0.000000000000000000e+00
9.300027132034301758e+01,9.984174963277817483e+01,1.198322582940255820e+01,0.000000000000000000e+00,0.000000000000000000e+00
9.350014948844909668e+01,9.996231082859549133e+01,1.196706464017996119e+01,0.000000000000000000e+00,0.000000000000000000e+00
9.400028848648071289e+01,9.982578493465922520e+01,1.197189752585085820e+01,0.000000000000000000e+00,0.000000000000000000e+00
9.450022912025451660e+01,9.995106069597511578e+01,1.196556972225923943e+01,0.000000000000000000e+00,0.000000000000000000e+00
9.500025486946105957e+01,9.996551305533454013e+01,1.200436788305215075e+01,0.000000000000000000e+00,0.000000000000000000e+00
9.550028920173645020e+01,9.982804150570281365e+01,1.201656784322578275e+01,0.000000000000000000e+00,0.000000000000000000e+00
9.600029039382934570e+01,9.980499491957249347e+01,1.199164120180005355e+01,0.000000000000000000e+00,0.000000000000000000e+00
9.650013184547424316e+01,9.956727033210680133e+01,1.197948285554790182e+01,0.000000000000000000e+00,0.000000000000000000e+00
9.700024890899658203e+01,9.954740460182708262e+01,1.196226237478209242e+01,3.363064000000000053e-01,0.000000000000000000e+00
9.750017237663269043e+01,9.953340545830539554e+01,1.197175890451530123e+01,9.443487000000000409e-01,0.000000000000000000e+00
9.800027728080749512e+01,9.944971245102908597e+01,1.194059791525209846e+01,6.657380999999999993e-01,0.000000000000000000e+00
9.850025224685668945e+01,9.939073498560873077e+01,1.192621093463407966e+01,0.000000000000000000e+00,0.000000000000000000e+00
9.900026750564575195e+01,9.934917426816521413e+01,1.192688692290004759e+01,0.000000000000000000e+00,0.000000000000000000e+00
9.950028276443481445e+01,9.931988692558259402e+01,1.195223740598285822e+01,0.000000000000000000e+00,0.000000000000000000e+00
1.000002553462982178e+02,9.929924848408511195e+01,1.194090114779131717e+01,0.000000000000000000e+00,0.000000000000000000e+00
1.005002310276031494e+02,9.921087684260115225e+01,1.194156526063300383e+01,0.000000000000000000e+00,0.000000000000000000e+00
1.010002708435058594e+02,9.907477442180820049e+01,1.193229977247989737e+01,0.000000000000000000e+00,0.000000000000000000e+00
1.015002362728118896e+02,9.905269264446383204e+01,1.195713261820484519e+01,0.000000000000000000e+00,0.000000000000000000e+00
1.020002923011779785e+02,9.903713187896943282e+01,1.195949138718091831e+01,0.000000000000000000e+00,0.000000000000000000e+00
1.025001440048217773e+02,9.902616639285864153e+01,1.195250094461351509e+01,0.000000000000000000e+00,0.000000000000000000e+00
1.030003790855407715e+02,9.894461116782805732e+01,1.194000601873389300e+01,5.658777000000000390e-01,0.000000000000000000e+00
1.035002067089080811e+02,9.888714017209467499e+01,1.192362919590499359e+01,1.000000000000000000e+00,0.000000000000000000e+00
1.040001833438873291e+02,9.869898509075645165e+01,1.193155560503577561e+01,4.079343000000000274e-01,0.000000000000000000e+00
1.045001330375671387e+02,9.871405040105798889e+01,1.191334797053311156e+01,0.000000000000000000e+00,0.000000000000000000e+00
1.050002706050872803e+02,9.865083876822507136e+01,1.191565790899725386e+01,0.000000000000000000e+00,0.000000000000000000e+00
1.055002892017364502e+02,9.860629428343604275e+01,1.192377665090890204e+01,0.000000000000000000e+00,0.000000000000000000e+00
1.060002696514129639e+02,9.864873229311288583e+01,1.194680015646092208e+01,0.000000000000000000e+00,0.000000000000000000e+00
1.065002756118774414e+02,9.875246583065384698e+01,1.198681782721836520e+01,0.000000000000000000e+00,0.000000000000000000e+00
1.070000982284545898e+02,9.882556561906335446e+01,1.198149104200518522e+01,0.000000000000000000e+00,0.000000000000000000e+00
1.075001277923583984e+02,9.880325019174615875e+01,1.196692299775446777e+01,0.000000000000000000e+00,0.000000000000000000e+00
1.080002779960632324e+02,9.886135275346907747e+01,1.195990254837448319e+01,0.000000000000000000e+00,0.000000000000000000e+00
1.085001828670501709e+02,9.882846895912703644e+01,1.198955997095869641e+01,0.000000000000000000e+00,0.000000000000000000e+00
1.090001885890960693e+02,9.895295209605009745e+01,1.200397120075666635e+01,7.733805999999999736e-01,0.000000000000000000e+00
1.095004568099975586e+02,9.896684590244026936e+01,1.197519270050201001e+01,1.000000000000000000e+00,0.000000000000000000e+00
1.100002801418304443e+02,9.912429265746492035e+01,1.194193682879482665e+01,1.470631000000000022e-01,0.000000000000000000e+00
1.105002975463867188e+02,9.916141553292534638e+01,1.191417549260394004e+01,0.000000000000000000e+00,0.000000000000000000e+00
1.110004203319549561e+02,9.926140355868872689e+01,1.193570801507028989e+01,0.000000000000000000e+00,0.000000000000000000e+00
1.115002982616424561e+02,9.933186392955867916e+01,1.196386068565078986e+01,0.000000000000000000e+00,0.000000000000000000e+00
1.120002405643463135e+02,9.930768853613757585e+01,1.194692729823441724e+01,0.000000000000000000e+00,0.000000000000000000e+00
1.125002377033233643e+02,9.929065242432946548e+01,1.194040465599985978e+01,0.000000000000000000e+00,0.000000000000000000e+00
1.130003206729888916e+02,9.942630323438382334e+01,1.194878423304142956e+01,0.000000000000000000e+00,0.000000000000000000e+00
1.135002503395080566e+02,9.944806676701948334e+01,1.197848250179086804e+01,0.000000000000000000e+00,0.000000000000000000e+00
1.140002994537353516e+02,9.946340326925803765e+01,1.199832672335312900e+01,4.690709999999999953e-04,0.000000000000000000e+00
1.145001962184906006e+02,9.954803869729380494e+01,1.197229889921378287e+01,0.000000000000000000e+00,0.000000000000000000e+00
1.150003209114074707e+02,9.960768027539887726e+01,1.194855024046424319e+01,5.790370000000000239e-01,0.000000000000000000e+00
1.155002226829528809e+02,9.957588100757121197e+01,1.191018324606854328e+01,6.779931000000000152e-01,0.000000000000000000e+00
1.160002348423004150e+02,9.962730041984161744e+01,1.193722104597119582e+01,0.000000000000000000e+00,0.000000000000000000e+00
1.165002691745758057e+02,9.973736304481923298e+01,1.194978625886591317e+01,0.000000000000000000e+00,0.000000000000000000e+00
1.170002262592315674e+02,9.981492286576413164e+01,1.194241933150584956e+01,0.000000000000000000e+00,0.000000000000000000e+00
1.175001795291900635e+02,9.986957834782471366e+01,1.192965614815777720e+01,0.000000000000000000e+00,0.000000000000000000e+00
1.180003025531768799e+02,9.983426543750030646e+01,1.192390756275948505e+01,0.000000000000000000e+00,0.000000000000000000e+00
1.185002276897430420e+02,9.980938085018141237e+01,1.192634460576545763e+01,0.000000000000000000e+00,0.000000000000000000e+00
1.190002558231353760e+02,1.000133289105911700e+02,1.196375040530339362e+01,0.000000000000000000e+00,0.000000000000000000e+00
1.195003392696380615e+02,1.000093927245425220e+02,1.195225969918342912e+01,0.000000000000000000e+00,0.000000000000000000e+00
1.200002684593200684e+02,1.000066189411151214e+02,1.194524317702986238e+01,0.000000000000000000e+00,0.000000000000000000e+00
1.205001640319824219e+02,1.000046642889703747e+02,1.193921787584536531e+01,0.000000000000000000e+00,0.000000000000000000e+00
1.210002789497375488e+02,1.000032868688844303e+02,1.194902876479307352e+01,2.263261000000000023e-01,0.000000000000000000e+00
1.215002634525299072e+02,1.000023162173553288e+02,1.194404721763794619e+01,2.072842000000000018e-01,0.000000000000000000e+00
1.220003287792205811e+02,1.000016322107834981e+02,1.192323445586597330e+01,0.000000000000000000e+00,0.000000000000000000e+00
1.225003178119659424e+02,9.985349424435840149e+01,1.189883446996824112e+01,0.000000000000000000e+00,0.000000000000000000e+00
1.230002784729003906e+02,9.989675913892412495e+01,1.190326873482580616e+01,0.000000000000000000e+00,0.000000000000000000e+00
1.235002546310424805e+02,9.977959143968688238e+01,1.193775563332946277e+01,0.000000000000000000e+00,0.000000000000000000e+00
1.240002565383911133e+02,9.969702475753464910e+01,1.196530361785031893e+01,0.000000000000000000e+00,0.000000000000000000e+00
1.245003581047058105e+02,9.963884100001438071e+01,1.195335422956604887e+01,0.000000000000000000e+00,0.000000000000000000e+00
1.250003166198730469e+02,9.952401162150445657e+01,1.194601447955432860e+01,0.000000000000000000e+00,0.000000000000000000e+00
1.255003113746643066e+02,9.951692070368902421e+01,1.192245612560544288e+01,0.000000000000000000e+00,0.000000000000000000e+00
1.260003204345703125e+02,9.965957977349995645e+01,1.193072895636727893e+01,0.000000000000000000e+00,0.000000000000000000e+00
1.265002470016479492e+02,9.968628194331574832e+01,1.195494484120751721e+01,1.919358999999999926e-01,0.000000000000000000e+00
1.270002553462982178e+02,9.955744268921394280e+01,1.192874924509932555e+01,3.432189999999999963e-01,0.000000000000000000e+00
1.275003466606140137e+02,9.946665120136016469e+01,1.190704699574391512e+01,3.382712999999999851e-17,0.000000000000000000e+00
1.280002667903900146e+02,9.940267152122176242e+01,1.189175367910305070e+01,0.000000000000000000e+00,0.000000000000000000e+00
1.285003564357757568e+02,9.935758580264420914e+01,1.191774594696305911e+01,0.000000000000000000e+00,0.000000000000000000e+00
1.290002896785736084e+02,9.925198645617587090e+01,1.192092174690866457e+01,0.000000000000000000e+00,0.000000000000000000e+00
1.295003268718719482e+02,9.917757185443755930e+01,1.191450705633442020e+01,0.000000000000000000e+00,0.000000000000000000e+00
1.300002532005310059e+02,9.897747681575076228e+01,1.190349869761863921e+01,0.000000000000000000e+00,0.000000000000000000e+00
1.305004100799560547e+02,9.883647222517637942e+01,1.188060059670415569e+01,0.000000000000000000e+00,0.000000000000000000e+00
1.310003926753997803e+02,9.881093594717326312e+01,1.190231470525329449e+01,0.000000000000000000e+00,0.000000000000000000e+00
1.315003063678741455e+02,9.886676881377906057e+01,1.189382605143447336e+01,1.134857999999999978e-01,0.000000000000000000e+00
1.320002548694610596e+02,9.868462963718005199e+01,1.187594608132537033e+01,3.780589999999999784e-01,0.000000000000000000e+00
1.325002214908599854e+02,9.855627832875954653e+01,1.184063679344432707e+01,5.293328999999999951e-01,0.000000000000000000e+00
1.330002501010894775e+02,9.853965866798613149e+01,1.182764992256423753e+01,1.908703000000000136e-02,0.000000000000000000e+00
1.335002224445343018e+02,9.845411901341361727e+01,1.183255802938081658e+01,0.000000000000000000e+00,0.000000000000000000e+00
1.340002636909484863e+02,9.832001226006738648e+01,1.181006175000290348e+01,0.000000000000000000e+00,0.000000000000000000e+00
1.345002961158752441e+02,9.822550882823344409e+01,1.180069689253118348e+01,0.000000000000000000e+00,0.000000000000000000e+00
1.350002989768981934e+02,9.808508540781220120e+01,1.180275022798019080e+01,0.000000000000000000e+00,0.000000000000000000e+00
1.355003013610839844e+02,9.798613069592379077e+01,1.184745447763330617e+01,0.000000000000000000e+00,0.000000000000000000e+00
1.360003168582916260e+02,9.791639848903447785e+01,1.186598102458590986e+01,2.631758000000000014e-02,0.000000000000000000e+00
1.365003511905670166e+02,9.786725903336977694e+01,1.186605750311015939e+01,1.629600999999999966e-01,0.000000000000000000e+00
1.370003144741058350e+02,9.783263104422761103e+01,1.184340191071468595e+01,3.283758999999999983e-01,0.000000000000000000e+00
1.375002729892730713e+02,9.766057315756758328e+01,1.182094582880009348e+01,5.193799000000000055e-01,0.000000000000000000e+00
1.380002384185791016e+02,9.761315399166640816e+01,1.180404045374150179e+01,6.120191999999999855e-01,0.000000000000000000e+00
1.385003249645233154e+02,9.750591029266112741e+01,1.176076531241361245e+01,6.594455999999999929e-02,0.000000000000000000e+00
1.390002515316009521e+02,9.750416491284505582e+01,1.174757216056233489e+01,0.000000000000000000e+00,0.000000000000000000e+00
1.395002706050872803e+02,9.750293496447662278e+01,1.173827510358688997e+01,0.000000000000000000e+00,0.000000000000000000e+00
1.400002720355987549e+02,9.742824025694010004e+01,1.179336993953807422e+01,0.000000000000000000e+00,0.000000000000000000e+00
1.405002336502075195e+02,9.737560378617409640e+01,1.179001521409240638e+01,0.000000000000000000e+00,0.000000000000000000e+00
1.410002307891845703e+02,9.741233946971078694e+01,1.181144445963793110e+01,0.000000000000000000e+00,0.000000000000000000e+00
1.415002748966217041e+02,9.743822666836676660e+01,1.184601235487126125e+01,7.781314000000000286e-02,0.000000000000000000e+00
1.420002505779266357e+02,9.730881311379516774e+01,1.187145278052046393e+01,2.497885999999999995e-01,0.000000000000000000e+00
1.425002670288085938e+02,9.729144490081073116e+01,1.186558706486146875e+01,4.494963000000000153e-01,0.000000000000000000e+00
1.430003435611724854e+02,9.727920572798089438e+01,1.183549860110427510e+01,6.007637999999999590e-01,0.000000000000000000e+00
1.435001871585845947e+02,9.727058092865971162e+01,1.179266697474764669e+01,7.092893000000000114e-01,0.000000000000000000e+00
1.440002439022064209e+02,9.719067515773151911e+01,1.179492700425434926e+01,1.528451999999999866e-01,0.000000000000000000e+00
1.445001611709594727e+02,9.720819449022896208e+01,1.176948381474388405e+01,0.000000000000000000e+00,0.000000000000000000e+00
1.450003259181976318e+02,9.729436813275005136e+01,1.177967390222838873e+01,0.000000000000000000e+00,0.000000000000000000e+00
1.455001509189605713e+02,9.735509367228233657e+01,1.180631874351854904e+01,0.000000000000000000e+00,0.000000000000000000e+00
1.460002834796905518e+02,9.754554219187312469e+01,1.184564284854554295e+01,0.000000000000000000e+00,0.000000000000000000e+00
1.465001549720764160e+02,9.745826506262235966e+01,1.186037807165915403e+01,0.000000000000000000e+00,0.000000000000000000e+00
1.470002334117889404e+02,9.769207381941578205e+01,1.186751632999267159e+01,0.000000000000000000e+00,0.000000000000000000e+00
1.475002670288085938e+02,9.793066404317036699e+01,1.187254657562163729e+01,0.000000000000000000e+00,0.000000000000000000e+00
1.480002951622009277e+02,9.809879573217355642e+01,1.191935157154183500e+01,3.837337000000000109e-01,0.000000000000000000e+00
1.485001208782196045e+02,9.814344815334807492e+01,1.189717908922289524e+01,7.408922000000000008e-01,0.000000000000000000e+00
1.490001559257507324e+02,9.832257013786748701e+01,1.186965924126710981e+01,7.159478999999999704e-01,0.000000000000000000e+00
1.495001001358032227e+02,9.815348335668382163e+01,1.186973034018843620e+01,0.000000000000000000e+00,0.000000000000000000e+00
1.500002446174621582e+02,9.832964182613609694e+01,1.185572359582209678e+01,0.000000000000000000e+00,0.000000000000000000e+00
1.505001676082611084e+02,9.830612264632155473e+01,1.188586502061541594e+01,0.000000000000000000e+00,0.000000000000000000e+00
1.510002503395080566e+02,9.858486087070758686e+01,1.190278195730790145e+01,0.000000000000000000e+00,0.000000000000000000e+00
1.515002536773681641e+02,9.885511235515208739e+01,1.190605048213837946e+01,0.000000000000000000e+00,0.000000000000000000e+00
1.520002362728118896e+02,9.897172737989860991e+01,1.190294661158011813e+01,0.000000000000000000e+00,0.000000000000000000e+00
1.525002300739288330e+02,9.912773257649004677e+01,1.193104063424592454e+01,0.000000000000000000e+00,0.000000000000000000e+00
1.530003230571746826e+02,9.931149555803258977e+01,1.194326636003119546e+01,0.000000000000000000e+00,0.000000000000000000e+00
1.535002331733703613e+02,9.921950720974584215e+01,1.193241472225449940e+01,0.000000000000000000e+00,0.000000000000000000e+00
1.540002267360687256e+02,9.922851209388561244e+01,1.191936054128206912e+01,1.117010000000000037e-17,0.000000000000000000e+00
1.545000936985015869e+02,9.930868570605851176e+01,1.188637108793750485e+01,4.636440000000000006e-01,0.000000000000000000e+00
1.550001626014709473e+02,9.936518309566648099e+01,1.187609981841701945e+01,5.239838999999999469e-01,0.000000000000000000e+00
1.555002253055572510e+02,9.940499613322342043e+01,1.185696661337351188e+01,0.000000000000000000e+00,0.000000000000000000e+00
1.560002365112304688e+02,9.935922392903499656e+01,1.181860954945821263e+01,0.000000000000000000e+00,0.000000000000000000e+00
1.565002272129058838e+02,9.947462475704389817e+01,1.182834906930964536e+01,0.000000000000000000e+00,0.000000000000000000e+00
1.570001492500305176e+02,9.948211836851511691e+01,1.186765831253113390e+01,0.000000000000000000e+00,0.000000000000000000e+00
1.575002334117889404e+02,9.941357104969753777e+01,1.186940410425055248e+01,0.000000000000000000e+00,0.000000000000000000e+00
1.580002431869506836e+02,9.943909454811496573e+01,1.187171518447398455e+01,0.000000000000000000e+00,0.000000000000000000e+00
1.585002329349517822e+02,9.945708065345768034e+01,1.187875093625907219e+01,0.000000000000000000e+00,0.000000000000000000e+00
1.590002341270446777e+02,9.954358322524345226e+01,1.190425674946161294e+01,0.000000000000000000e+00,0.000000000000000000e+00
1.595002331733703613e+02,9.960454055731091216e+01,1.192547291701892220e+01,0.000000000000000000e+00,0.000000000000000000e+00
1.600003299713134766e+02,9.964749646319987164e+01,1.191014536744489405e+01,0.000000000000000000e+00,0.000000000000000000e+00
1.605002377033233643e+02,9.960393900089258068e+01,1.190150590899876271e+01,1.839832000000000134e-01,0.000000000000000000e+00
1.610002374649047852e+02,9.949941659841594799e+01,1.189001062445290202e+01,1.094659000000000049e-01,0.000000000000000000e+00
1.615002048015594482e+02,9.949958888385219780e+01,1.191976016188625920e+01,0.000000000000000000e+00,0.000000000000000000e+00
1.620002315044403076e+02,9.949971029134715650e+01,1.190828134012668649e+01,0.000000000000000000e+00,0.000000000000000000e+00
1.625001354217529297e+02,9.957362382333317896e+01,1.189586603166308976e+01,0.000000000000000000e+00,0.000000000000000000e+00
1.630001780986785889e+02,9.962570980899278084e+01,1.187522194791247898e+01,0.000000000000000000e+00,0.000000000000000000e+00
1.635001671314239502e+02,9.958858620515802329e+01,1.188987474965887969e+01,0.000000000000000000e+00,0.000000000000000000e+00
1.640002403259277344e+02,9.948859766611791144e+01,1.188289512658809599e+01,0.000000000000000000e+00,0.000000000000000000e+00
1.645001525878906250e+02,9.934430895597765243e+01,1.185634802503038721e+01,0.000000000000000000e+00,0.000000000000000000e+00
1.650002303123474121e+02,9.931645839803125853e+01,1.183547891556285769e+01,0.000000000000000000e+00,0.000000000000000000e+00
1.655002207756042480e+02,9.922300446398409690e+01,1.186294914970442704e+01,0.000000000000000000e+00,0.000000000000000000e+00
1.660002436637878418e+02,9.900949263458305438e+01,1.188122625493414475e+01,9.320650999999999293e-18,0.000000000000000000e+00
1.665002315044403076e+02,9.885903339139008494e+01,1.185084567156695812e+01,8.047453000000000245e-02,0.000000000000000000e+00
1.670001711845397949e+02,9.897449048743487765e+01,1.182835599471776433e+01,1.224776999999999949e-01,0.000000000000000000e+00
1.675001933574676514e+02,9.898202375032082045e+01,1.182224126786338658e+01,1.632582999999999951e-01,0.000000000000000000e+00
1.680002415180206299e+02,9.883967639581263143e+01,1.181685145108559531e+01,1.116223999999999966e-01,0.000000000000000000e+00
1.685002329349517822e+02,9.866553793291741670e+01,1.177520023073666344e+01,0.000000000000000000e+00,0.000000000000000000e+00
1.690001220703125000e+02,9.854282463215324128e+01,1.176964239244588484e+01,0.000000000000000000e+00,0.000000000000000000e+00
1.695002429485321045e+02,9.830869407551401196e+01,1.175491152784329074e+01,0.000000000000000000e+00,0.000000000000000000e+00
1.700002486705780029e+02,9.814370506081112921e+01,1.175750686834434156e+01,0.000000000000000000e+00,0.000000000000000000e+00
1.705002410411834717e+02,9.802743926721558410e+01,1.173770712957519713e+01,0.000000000000000000e+00,0.000000000000000000e+00
1.710002532005310059e+02,9.794550814722710186e+01,1.170645216466165728e+01,1.687217000000000022e-01,0.000000000000000000e+00
1.715002992153167725e+02,9.781394428522358453e+01,1.168550800473413886e+01,2.859543999999999975e-01,0.000000000000000000e+00
1.720002498626708984e+02,9.772123279863231460e+01,1.166635466345906735e+01,2.341104999999999992e-01,0.000000000000000000e+00
1.725002403259277344e+02,9.743441618554037120e+01,1.158039980167758998e+01,8.441540000000000155e-02,0.000000000000000000e+00
1.730001490116119385e+02,9.730612791193132693e+01,1.153388823437525623e+01,8.320982000000000378e-02,0.000000000000000000e+00
1.735001394748687744e+02,9.714189671589814168e+01,1.152057904798889609e+01,1.435136999999999941e-01,0.000000000000000000e+00
1.740001997947692871e+02,9.702616494809329595e+01,1.153607139194247111e+01,2.653786000000000200e-01,0.000000000000000000e+00
1.745002484321594238e+02,9.687078217214880738e+01,1.151454569574487863e+01,2.373653000000000013e-01,0.000000000000000000e+00
1.750002408027648926e+02,9.690894173573393289e+01,1.152317007462289489e+01,1.512823000000000084e-01,0.000000000000000000e+00
1.755001702308654785e+02,9.693583232570124153e+01,1.156067761831069163e+01,6.574568000000000079e-02,0.000000000000000000e+00
1.760002312660217285e+02,9.695478180417670444e+01,1.163901866521133144e+01,8.080904999999999339e-02,0.000000000000000000e+00
1.765002338886260986e+02,9.682047932082411990e+01,1.166286254302643499e+01,1.348272000000000082e-01,0.000000000000000000e+00
1.770002417564392090e+02,9.687349391552653799e+01,1.165262628123009137e+01,2.432556999999999914e-01,0.000000000000000000e+00
1.775002610683441162e+02,9.691085266899459327e+01,1.165839186791582804e+01,2.823856000000000144e-01,0.000000000000000000e+00
1.780002472400665283e+02,9.708483489275091927e+01,1.167110744715474802e+01,2.541269999999999918e-01,0.000000000000000000e+00
1.785002207756042480e+02,9.720743809365478683e+01,1.163673980092181992e+01,8.525573000000000179e-02,0.000000000000000000e+00
1.790002224445343018e+02,9.736766308666344116e+01,1.163306913266718112e+01,0.000000000000000000e+00,0.000000000000000000e+00
1.795002276897430420e+02,9.740674375334158697e+01,1.166840345886604879e+01,1.528468000000000014e-02,0.000000000000000000e+00
1.800002393722534180e+02,9.758193938882860152e+01,1.175602738744037268e+01,1.178498999999999935e-01,0.000000000000000000e+00
1.805002486705780029e+02,9.770539766652697722e+01,1.181128692361218135e+01,1.353881999999999863e-01,0.000000000000000000e+00
1.810002486705780029e+02,9.786622522196854845e+01,1.184914386588510204e+01,1.039355000000000001e-01,0.000000000000000000e+00
1.815001542568206787e+02,9.812721443992742820e+01,1.187041404114074794e+01,0.000000000000000000e+00,0.000000000000000000e+00
1.820001950263977051e+02,9.823730245579773168e+01,1.191784879989223711e+01,0.000000000000000000e+00,0.000000000000000000e+00
1.825003342628479004e+02,9.846253612454293602e+01,1.191017990398834847e+01,2.876899000000000123e-02,0.000000000000000000e+00
1.830002748966217041e+02,9.891656751859262897e+01,1.191018288546083426e+01,6.356137000000000592e-02,0.000000000000000000e+00
1.835002336502075195e+02,9.931034601190815181e+01,1.189504434482886452e+01,1.997595000000000065e-01,0.000000000000000000e+00
1.840002071857452393e+02,9.958783702613499145e+01,1.190708588145042413e+01,6.807095000000000506e-02,0.000000000000000000e+00
1.845002341270446777e+02,9.985720961643492899e+01,1.189934992565779837e+01,0.000000000000000000e+00,0.000000000000000000e+00
1.850002393722534180e+02,1.000470332725159608e+02,1.190363197031101450e+01,0.000000000000000000e+00,0.000000000000000000e+00
1.855001785755157471e+02,1.001807997421031331e+02,1.188610167346040924e+01,0.000000000000000000e+00,0.000000000000000000e+00
1.860001621246337891e+02,1.004227193351655814e+02,1.192349652646653801e+01,0.000000000000000000e+00,0.000000000000000000e+00
1.865001804828643799e+02,1.005931971910662810e+02,1.191632147282250465e+01,0.000000000000000000e+00,0.000000000000000000e+00
1.870002424716949463e+02,1.008609868608209297e+02,1.191775330064534089e+01,0.000000000000000000e+00,0.000000000000000000e+00
1.875002458095550537e+02,1.009020390965061011e+02,1.191660060947536337e+01,0.000000000000000000e+00,0.000000000000000000e+00
1.880002436637878418e+02,1.010786240731904115e+02,1.194931212979188828e+01,0.000000000000000000e+00,0.000000000000000000e+00
1.885002412796020508e+02,1.013507173582237471e+02,1.193559426260641132e+01,0.000000000000000000e+00,0.000000000000000000e+00
1.890002493858337402e+02,1.014686302779088578e+02,1.193890640344132592e+01,0.000000000000000000e+00,0.000000000000000000e+00
1.895002298355102539e+02,1.014040661528942593e+02,1.192285431010504837e+01,0.000000000000000000e+00,0.000000000000000000e+00
1.900002653598785400e+02,1.014323965605436797e+02,1.195804535762791510e+01,0.000000000000000000e+00,0.000000000000000000e+00
1.905002746582031250e+02,1.015261886389614432e+02,1.194391310054962219e+01,0.000000000000000000e+00,0.000000000000000000e+00
1.910001521110534668e+02,1.015922827995323985e+02,1.193503510889733477e+01,0.000000000000000000e+00,0.000000000000000000e+00
1.915001559257507324e+02,1.017126865448570214e+02,1.192877889391934509e+01,0.000000000000000000e+00,0.000000000000000000e+00
1.920001790523529053e+02,1.017975336301448124e+02,1.194599885804663941e+01,0.000000000000000000e+00,0.000000000000000000e+00
1.925001745223999023e+02,1.017834963830241435e+02,1.192460975361739273e+01,0.000000000000000000e+00,0.000000000000000000e+00
1.930001571178436279e+02,1.016997765245954497e+02,8.639457515519255892e+00,0.000000000000000000e+00,1.000000000000000000e+00
1.935002443790435791e+02,1.015669521599174914e+02,6.290924457679277992e+00,0.000000000000000000e+00,1.000000000000000000e+00
1.940002720355987549e+02,1.014733524121044752e+02,4.602415780769327114e+00,0.000000000000000000e+00,1.000000000000000000e+00
1.945003356933593750e+02,1.015550497397606193e+02,3.509875620211408975e+00,0.000000000000000000e+00,1.000000000000000000e+00
1.950002605915069580e+02,1.013173089632404640e+02,2.884959406847336538e+00,0.000000000000000000e+00,1.000000000000000000e+00
1.955002472400665283e+02,1.011497758695862217e+02,2.894545111308203023e+00,0.000000000000000000e+00,1.000000000000000000e+00
1.960002727508544922e+02,1.008840613387137068e+02,3.145778732990266668e+00,0.000000000000000000e+00,1.000000000000000000e+00
1.965002925395965576e+02,1.006968154735426566e+02,3.584601974602553476e+00,0.000000000000000000e+00,1.000000000000000000e+00
1.970001640319824219e+02,1.005648655425075333e+02,4.322230595043768275e+00,0.000000000000000000e+00,1.000000000000000000e+00
1.975002579689025879e+02,1.003242260425272434e+02,5.218445957761007392e+00,0.000000000000000000e+00,1.000000000000000000e+00
1.980001695156097412e+02,1.000069942978346234e+02,5.884605261832826173e+00,7.116549000000000225e-04,1.000000000000000000e+00
1.985001702308654785e+02,9.970961688809870793e+01,6.490372009208451587e+00,0.000000000000000000e+00,1.000000000000000000e+00
1.990001749992370605e+02,9.942623059173608624e+01,7.194170868235948646e+00,0.000000000000000000e+00,1.000000000000000000e+00
1.995001707077026367e+02,9.900504771118889380e+01,7.435917961894268124e+00,0.000000000000000000e+00,1.000000000000000000e+00
2.000001688003540039e+02,9.878207312924419625e+01,7.814996878651379930e+00,0.000000000000000000e+00,1.000000000000000000e+00
2.005001752376556396e+02,9.832963368675646620e+01,8.248742484262827190e+00,0.000000000000000000e+00,1.000000000000000000e+00
2.010001447200775146e+02,9.801080500031639531e+01,8.378051453344843580e+00,0.000000000000000000e+00,1.000000000000000000e+00
2.015001304149627686e+02,9.756464628961043672e+01,8.614157916727165798e+00,0.000000000000000000e+00,1.000000000000000000e+00
2.020002744197845459e+02,9.688110367220008357e+01,8.961211451400295402e+00,9.591706999999999317e-02,1.000000000000000000e+00
2.025002450942993164e+02,9.639941933089585291e+01,8.819557872844145052e+00,2.874977000000000227e-01,1.000000000000000000e+00
2.030001666545867920e+02,9.583849817986379094e+01,8.703514209314020533e+00,4.719219000000000053e-01,1.000000000000000000e+00
2.035001876354217529e+02,9.522173979274923283e+01,8.728804659497587437e+00,6.391725000000000323e-01,1.000000000000000000e+00
2.040001618862152100e+02,9.478711750311548201e+01,8.746626538525571704e+00,4.801707000000000058e-01,1.000000000000000000e+00
2.045001373291015625e+02,9.418553244180299089e+01,9.040433675590959339e+00,3.407039000000000040e-01,1.000000000000000000e+00
2.050002510547637939e+02,9.383543059171371681e+01,8.939191103255348381e+00,4.064150000000000262e-01,1.000000000000000000e+00
2.055002741813659668e+02,9.329340607748602565e+01,9.018237802411626092e+00,4.798571999999999838e-01,1.000000000000000000e+00
2.060002450942993164e+02,9.283761988040387791e+01,8.847847613520087862e+00,6.418352999999999975e-01,1.000000000000000000e+00
2.065002403259277344e+02,9.244260479829158328e+01,8.791581949386316097e+00,5.949529000000000067e-01,1.000000000000000000e+00
2.070002307891845703e+02,9.209041439709746157e+01,8.878531240701079241e+00,5.839218999999999937e-01,1.000000000000000000e+00
2.075001802444458008e+02,9.184223001606271453e+01,8.772108730575386204e+00,6.056612999999999580e-01,1.000000000000000000e+00
2.080001697540283203e+02,9.166733743869332329e+01,9.172011634997204510e+00,6.953968999999999845e-01,1.000000000000000000e+00
2.085001533031463623e+02,9.139643676730025845e+01,9.141208052737347600e+00,8.404833000000000442e-01,1.000000000000000000e+00
2.090001513957977295e+02,9.127936426824308569e+01,8.990739236077308405e+00,9.395902999999999894e-01,1.000000000000000000e+00
2.095002598762512207e+02,9.134452062766452229e+01,8.913905208855792850e+00,8.305415000000000436e-01,1.000000000000000000e+00
2.100001966953277588e+02,9.153809149325888939e+01,9.112891627940104655e+00,6.754628999999999772e-01,1.000000000000000000e+00
2.105001256465911865e+02,9.167449857675978819e+01,8.995658815670358521e+00,5.404221999999999637e-01,1.000000000000000000e+00
2.110001974105834961e+02,9.199210695656708481e+01,8.962861234037347913e+00,4.395289000000000001e-01,1.000000000000000000e+00
2.115001666545867920e+02,9.228974977658248235e+01,9.113864775878923297e+00,4.236255999999999911e-01,1.000000000000000000e+00
2.120001668930053711e+02,9.264715108197825089e+01,9.010403495545139307e+00,4.952266000000000168e-01,1.000000000000000000e+00
2.125002243518829346e+02,9.319431943542187469e+01,8.949391613228733888e+00,4.518729000000000218e-01,1.000000000000000000e+00
2.130002462863922119e+02,9.387521436744587788e+01,9.025425980298928508e+00,3.846940999999999833e-01,1.000000000000000000e+00
2.135002412796020508e+02,9.435503291639302859e+01,9.034666591101501609e+00,3.493161000000000183e-01,1.000000000000000000e+00
2.140002503395080566e+02,9.506229522091381057e+01,9.010897351507466624e+00,2.958861999999999881e-01,1.000000000000000000e+00
2.145002562999725342e+02,9.570835049835726238e+01,9.077420094548818597e+00,2.153206000000000009e-01,1.000000000000000000e+00
2.150002238750457764e+02,9.616361795767157616e+01,9.057247014724200795e+00,2.482052999999999898e-01,1.000000000000000000e+00
2.155002286434173584e+02,9.692740737930878936e+01,9.257161361159988999e+00,1.073670000000000041e-01,1.000000000000000000e+00
2.160003030300140381e+02,9.768712462050065426e+01,9.593851974343133193e+00,0.000000000000000000e+00,1.000000000000000000e+00
2.165002489089965820e+02,9.844397224463348550e+01,9.798667919790780445e+00,0.000000000000000000e+00,1.000000000000000000e+00
2.170002379417419434e+02,9.919879768380276630e+01,9.977606879898079484e+00,0.000000000000000000e+00,1.000000000000000000e+00
2.175002558231353760e+02,9.987837013574269918e+01,1.012533167818134672e+01,0.000000000000000000e+00,1.000000000000000000e+00
2.180002400875091553e+02,1.005787406814366705e+02,1.014724037321817462e+01,0.000000000000000000e+00,1.000000000000000000e+00
2.185002138614654541e+02,1.012937673960879721e+02,1.028164261960962200e+01,0.000000000000000000e+00,1.000000000000000000e+00
2.190002443790435791e+02,1.019452941608740986e+02,1.029416307100362715e+01,0.000000000000000000e+00,1.000000000000000000e+00
2.195001790523529053e+02,1.024782452897221674e+02,1.030190228926815266e+01,0.000000000000000000e+00,1.000000000000000000e+00
2.200001707077026367e+02,1.029276375801938599e+02,1.047072552608960727e+01,0.000000000000000000e+00,1.000000000000000000e+00
2.205001635551452637e+02,1.034658029076116321e+02,1.055616944229031695e+01,0.000000000000000000e+00,1.000000000000000000e+00
2.210001614093780518e+02,1.039188695817128263e+02,1.039785584500593352e+01,0.000000000000000000e+00,1.000000000000000000e+00
2.215001342296600342e+02,1.043119682483707322e+02,1.051346873178118813e+01,0.000000000000000000e+00,1.000000000000000000e+00
2.220002429485321045e+02,1.045151522192785478e+02,1.050511177924034811e+01,0.000000000000000000e+00,1.000000000000000000e+00
2.225002539157867432e+02,1.043630216333177572e+02,1.043000752878674575e+01,0.000000000000000000e+00,1.000000000000000000e+00
2.230002214908599854e+02,1.044034729764499048e+02,1.046900714943719990e+01,0.000000000000000000e+00,1.000000000000000000e+00
2.235001688003540039e+02,1.043581505785979289e+02,1.055063220324409379e+01,0.000000000000000000e+00,1.000000000000000000e+00
2.240002586841583252e+02,1.041785564694935005e+02,1.049885746848935675e+01,0.000000000000000000e+00,1.000000000000000000e+00
2.245002119541168213e+02,1.039043426846833285e+02,1.055429416787260344e+01,0.000000000000000000e+00,1.000000000000000000e+00
2.250001578330993652e+02,1.036372795189205931e+02,1.060856831304078085e+01,0.000000000000000000e+00,1.000000000000000000e+00
2.255002379417419434e+02,1.031537713765237214e+02,1.050940307174747446e+01,0.000000000000000000e+00,1.000000000000000000e+00
2.260001926422119141e+02,1.028868769248649500e+02,1.057369156749209615e+01,0.000000000000000000e+00,1.000000000000000000e+00
2.265002787113189697e+02,1.024034876732877279e+02,1.063845891275590283e+01,0.000000000000000000e+00,1.000000000000000000e+00
2.270002319812774658e+02,1.019151930698625677e+02,1.057588559316253196e+01,0.000000000000000000e+00,1.000000000000000000e+00
2.275002431869506836e+02,1.012757857682736642e+02,1.052854839533603304e+01,0.000000000000000000e+00,1.000000000000000000e+00
2.280002369880676270e+02,1.005298911480834789e+02,1.064341929607362935e+01,0.000000000000000000e+00,1.000000000000000000e+00
2.285002281665802002e+02,9.978278416033921872e+01,1.067786468516668030e+01,0.000000000000000000e+00,1.000000000000000000e+00
2.290002443790435791e+02,9.933013474190055092e+01,1.052038231918545641e+01,0.000000000000000000e+00,1.000000000000000000e+00
2.295001854896545410e+02,9.864201820005709465e+01,1.059764999562746723e+01,0.000000000000000000e+00,1.000000000000000000e+00
2.300002324581146240e+02,9.800945471354094707e+01,1.068346173180826497e+01,0.000000000000000000e+00,1.000000000000000000e+00
2.305002512931823730e+02,9.726838284832079751e+01,1.059894885790035879e+01,0.000000000000000000e+00,1.000000000000000000e+00
2.310002493858337402e+02,9.645084642099322991e+01,1.049613340049245203e+01,1.588503999999999958e-02,1.000000000000000000e+00
2.315002412796020508e+02,9.572708228260366070e+01,1.059894523785095899e+01,3.413487000000000049e-01,1.000000000000000000e+00
2.320001726150512695e+02,9.506939835937436101e+01,1.037500778354915631e+01,7.789829000000000336e-01,1.000000000000000000e+00
2.325001277923583984e+02,9.438445239916424612e+01,1.018793454448040947e+01,9.207488999999999812e-01,0.000000000000000000e+00
2.330001997947692871e+02,9.375412318376257303e+01,1.026597823409035648e+01,5.889526000000000483e-01,0.000000000000000000e+00
2.335002121925354004e+02,9.301462578278598414e+01,1.048650587770616127e+01,3.173393999999999937e-01,0.000000000000000000e+00
2.340002312660217285e+02,9.234585481679920349e+01,1.079980350068604622e+01,3.723592000000000013e-01,0.000000000000000000e+00
2.345001716613769531e+02,9.180075190474831004e+01,1.118286631131313413e+01,5.954247000000000289e-01,0.000000000000000000e+00
2.350001494884490967e+02,9.112131246467377821e+01,1.142360862300670732e+01,8.679670999999999914e-01,0.000000000000000000e+00
2.355002202987670898e+02,9.049486362842745280e+01,1.159109222644615755e+01,9.528818999999999484e-01,0.000000000000000000e+00
2.360002334117889404e+02,8.990575663956587960e+01,1.169830160485860837e+01,7.957134999999999625e-01,0.000000000000000000e+00
2.365002861022949219e+02,8.926913602823411509e+01,1.179872489913500111e+01,7.069244000000000083e-01,0.000000000000000000e+00
2.370001595020294189e+02,8.882051706575916228e+01,1.185543219849339991e+01,8.648042000000000229e-01,0.000000000000000000e+00
2.375002975463867188e+02,8.850438062608111522e+01,1.188133631002198776e+01,1.000000000000000000e+00,0.000000000000000000e+00
2.380002322196960449e+02,8.806011910960295097e+01,1.193635991484005388e+01,1.000000000000000000e+00,0.000000000000000000e+00
2.385001447200775146e+02,8.789470926536104400e+01,1.194268847422612900e+01,1.000000000000000000e+00,0.000000000000000000e+00
2.390002348423004150e+02,8.777814691820155701e+01,1.194282476828405493e+01,1.000000000000000000e+00,0.000000000000000000e+00
2.395002377033233643e+02,8.784366277558925162e+01,1.195157049893551360e+01,1.000000000000000000e+00,0.000000000000000000e+00
2.400002331733703613e+02,8.774217506483742568e+01,1.198801479444172813e+01,1.000000000000000000e+00,0.000000000000000000e+00
2.405002131462097168e+02,8.803979777166939868e+01,1.198017284736801535e+01,1.000000000000000000e+00,0.000000000000000000e+00
2.410001521110534668e+02,8.832335692597405341e+01,1.196599408169372403e+01,1.000000000000000000e+00,0.000000000000000000e+00
2.415002253055572510e+02,8.867083363988390943e+01,1.200899324357701126e+01,1.000000000000000000e+00,0.000000000000000000e+00
2.420001568794250488e+02,8.906335229677141285e+01,1.199603695220604749e+01,1.000000000000000000e+00,0.000000000000000000e+00
2.425002360343933105e+02,8.963526742955372129e+01,1.198690680799000319e+01,9.411146999999999707e-01,0.000000000000000000e+00
2.430002357959747314e+02,9.011211718952563388e+01,1.198696090677242410e+01,7.792953000000000241e-01,0.000000000000000000e+00
2.435001678466796875e+02,9.074345944624434424e+01,1.200754683225743591e+01,6.341238999999999626e-01,0.000000000000000000e+00
2.440001523494720459e+02,9.148367072537143940e+01,1.199177220548231659e+01,4.804474000000000244e-01,0.000000000000000000e+00
2.445002562999725342e+02,9.230060070792903559e+01,1.198822781125374703e+01,4.886351999999999918e-01,0.000000000000000000e+00
2.450001666545867920e+02,9.317159344705279977e+01,1.201060424105859603e+01,4.873377999999999877e-01,0.000000000000000000e+00
2.455001583099365234e+02,9.408068356682608169e+01,1.201231284458400950e+01,3.961784999999999890e-01,0.000000000000000000e+00
2.460001840591430664e+02,9.501662045699255543e+01,1.200702887446953859e+01,2.417112999999999901e-01,0.000000000000000000e+00
2.465001509189605713e+02,9.574999201379155522e+01,1.200979332633232133e+01,1.046518000000000032e-01,0.000000000000000000e+00
2.470001251697540283e+02,9.663593010305788766e+01,1.203553173012688760e+01,2.718109999999999971e-02,0.000000000000000000e+00
2.475001170635223389e+02,9.770320798821396124e+01,1.202447178815977757e+01,3.614220999999999927e-03,0.000000000000000000e+00
2.480003147125244141e+02,9.852913397987393296e+01,1.201343250088858383e+01,1.402653000000000094e-01,0.000000000000000000e+00
2.485001564025878906e+02,9.933263812189680664e+01,1.201971304667808127e+01,1.500026999999999888e-01,0.000000000000000000e+00
2.490001568794250488e+02,1.003418257862419125e+02,1.200467191136713119e+01,0.000000000000000000e+00,0.000000000000000000e+00
2.495001642704010010e+02,1.012744722463079228e+02,1.198433912189478434e+01,0.000000000000000000e+00,0.000000000000000000e+00
2.500002739429473877e+02,1.020793530537753924e+02,1.198515148896298754e+01,0.000000000000000000e+00,0.000000000000000000e+00
2.505001549720764160e+02,1.028680269051518650e+02,1.200411007389454099e+01,0.000000000000000000e+00,0.000000000000000000e+00
2.510001571178436279e+02,1.036452799076004254e+02,1.199692216017635715e+01,0.000000000000000000e+00,0.000000000000000000e+00
2.515001585483551025e+02,1.043406567962646818e+02,1.198861144509523413e+01,0.000000000000000000e+00,0.000000000000000000e+00
